Workbook

Sheet Juli - 2024xx
B1: PRODUCTION REPORT
B2: No | C2: ITEM | D2: Budget / Norma | E2: UoM | F2: JulI | AL2: TOTAL (Kg)
F3: 1 | G3: 2 | H3: 3 | I3: 4 | J3: 5 | K3: 6 | L3: 7 | M3: 8 | N3: 9 | O3: 10 | P3: 11 | Q3: 12 | R3: 13 | S3: 14 | T3: 15 | U3: 16 | V3: 17 | W3: 18 | X3: 19 | Y3: 20 | Z3: 21 | AA3: 22 | AB3: 23 | AC3: 24 | AD3: 25 | AE3: 26 | AF3: 27 | AG3: 28 | AH3: 29 | AI3: 30 | AJ3: 31
B4: 1 | C4: PRODUCTION | AL4: Production
C5: Refinery | AL5: Refinery
C6: Running Days | E6: Day | F6: 1 | G6: 1 | H6: 1 | I6: 1 | J6: 1 | K6: 1 | L6: 1 | M6: 1 | N6: 1 | O6: 1 | P6: 1 | Q6: 1 | R6: 1 | S6: 1 | AL6: =SUM(F6:O6) -> 10
C7: Incoming CPO | E7: Kg | F7: ='[1]01 '!$P$14 -> 865877 | G7: ='[1]02'!$P$14 -> 1020502 | H7: ='[1]03'!$P$14 -> 623069 | I7: ='[1]04'!$P$14 -> 686156 | J7: ='[1]05'!$P$14 -> 500524 | K7: ='[1]06'!$P$14 -> 286477 | L7: ='[1]07'!$P$11 -> 40800 | M7: ='[1]08'!$P$13+168651 -> 335707 | N7: ='[1]09'!$P$13 -> 203264 | O7: ='[2]10'!$P$14-22440 -> 803740 | P7: ='[3]11'!$P$14 -> 474327 | Q7: ='[4]12'!$P$13+156887 -> 486876 | R7: =186434+'[4]13'!$P$13 -> 412792 | S7: 0 | AL7: =SUM(F7:AI7) -> 6740111 | AM7: =AVERAGE(G7:O7) -> 500026.56 | AO7: =AL7/14 -> 481436.5
C8: Ratio Run CPO | E8: % | F8: =F9/2200000*100 -> 33.860182 | G8: =G9/2200000*100 -> 33.816909 | H8: =H9/2200000*100 -> 47.656136 | I8: =I9/2200000*100 -> 50.673682 | J8: =J9/2200000*100 -> 11.278455 | K8: =K9/2200000*100 -> 17.6585 | L8: =L9/2200000*100 -> 2.6320909 | M8: =M9/2200000*100 -> 11.742864 | ... AJ8: =AJ9/2200000*100 -> 0 | AL8: =AVERAGE(F8:S8) -> 23.510006
C9: CPO Consume Total | D9: 36359000 | E9: Kg | F9: ='[1]01 '!$Q$14 -> 744924 | G9: ='[1]02'!$Q$14 -> 743972 | H9: ='[1]03'!$Q$14 -> 1048435 | I9: ='[1]04'!$Q$14 -> 1114821 | J9: ='[1]05'!$Q$14 -> 248126 | K9: ='[1]06'!$Q$14 -> 388487 | L9: ='[1]07'!$Q$14 -> 57906 | M9: ='[1]08'!$Q$13 -> 258343 | N9: ='[1]09'!$Q$11 -> 154743 | O9: 512647 | P9: ='OIP Refinery'!D15+'[3]11'!$Q$11-'OIP Refinery'!E15 -> 445789 | Q9: ='OIP Refinery'!D16+'[4]12'!$Q$13+'[4]12'!$Q$11-'OIP Refinery'!E16 -> 531293 | R9: ='[4]13'!$Q$13 -> 568358 | S9: ='OIP Refinery'!D18+'[4]14'!$Q$13+'[4]14'!$Q$11-'OIP Refinery'!E18 -> 423238 | T9: 0 | AL9: =SUM(F9:AI9) -> 7241082 | AM9: =AL9/D9*100 -> 19.915515 | AN9: =AL9/10 -> 724108.2
C10: CPO Consume Poram | D10: 29045000 | E10: Kg | F10: =F9-F27-F36 -> 744924 | G10: =G9-G27-G36 -> 743972 | H10: =H9-H27-H36 -> 1048435 | I10: =I9-I27-I36 -> 1114821 | J10: =J9-J27-J36 -> 248126 | K10: =K9-K27-K36 -> 388487 | L10: =L9-L27-L36 -> 57906 | M10: =M9-M27-M36 -> 258343 | ... AJ10: =AJ9-AJ27-AJ36 -> 0 | AL10: =SUM(F10:AI10) -> 7241082
C11: CPO Consume Brand | D11: 7314000 | E11: Kg | F11: =F27+F36 -> 0 | G11: =G27+G36 -> 0 | H11: =H27+H36 -> 0 | I11: =I27+I36 -> 0 | J11: =J27+J36 -> 0 | K11: =K27+K36 -> 0 | L11: =L27+L36 -> 0 | M11: =M27+M36 -> 0 | ... AJ11: =AJ27+AJ36 -> 0 | AL11: =SUM(F11:AI11) -> 0
C12: - FFA | D12: 5 | E12: % | F12: 4.03 | G12: 4.14 | H12: 4.06 | I12: =(4.12+4.17+3.97)/3 -> 4.0866667 | J12: 4.18 | K12: =4.14 -> 4.14 | L12: 4.2 | M12: 4.08 | N12: 4.16 | O12: 4.18 | P12: 4.2 | Q12: 4.22 | R12: 3.96 | S12: =(4.29+4.09)/2 -> 4.19 | AL12: =AVERAGE(F12:AI12) -> 4.1304762
C13: - Moist & Impurities | D13: 0.5 | E13: % | F13: 0.44 | G13: 0.46 | H13: 0.455 | I13: =(0.43+0.44+0.48)/3 -> 0.45 | J13: 0.49 | K13: =(0.44+0.49)/2 -> 0.465 | L13: 0.4 | M13: 0.48 | N13: 0.4 | O13: 0.41 | P13: 0.47 | Q13: 0.4 | R13: 0.49 | S13: =(0.4+0.49)/2 -> 0.445 | AL13: =AVERAGE(F13:AI13) -> 0.44678571
C14: - DOBI | D14: 2,20 Min | E14: % | F14: 2.21 | G14: 2.21 | H14: 2.22 | I14: 2.21 | J14: 2.21 | K14: 2.21 | L14: 2.21 | M14: 2.22 | N14: 2.21 | O14: 2.22 | P14: 2.21 | Q14: 2.21 | R14: 2.22 | S14: 2.22 | AL14: =AVERAGE(F14:AI14) -> 2.2135714
C15: Product | AL15: Product
C16: RbdPO | D16: 34458000 | E16: Kg | F16: ='[1]01 '!$P$15 -> 667300 | G16: ='[1]02'!$P$15 -> 695000 | H16: ='[1]03'!$P$15 -> 814100 | I16: ='[1]04'!$P$15 -> 760000 | J16: 0 | K16: ='[1]06'!$P$15 -> 587100 | L16: ='[1]07'!$P$15 -> 92106 | M16: ='[1]08'!$P$16+'[1]08'!$P$15 -> 105220 | N16: ='[1]09'!$P$15+'[1]09'!$P$16 -> 70837 | O16: ='[2]10'!$P$17 -> 488153 | P16: ='[3]11'!$P$17 -> 379337 | Q16: ='[4]12'!$P$17 -> 492952 | R16: ='[4]13'!$P$17 -> 532902 | S16: ='[4]14'!$P$16 -> 497845 | T16: 91674 | AL16: =SUM(F16:AI16) -> 6274526
C17: PFAD | D17: 1636000 | E17: Kg | F17: ='[1]01 '!$P$24 -> 25659 | G17: ='[1]02'!$P$24 -> 18786 | H17: ='[1]03'!$P$24 -> 46938 | I17: ='[1]04'!$P$24 -> 48667 | K17: ='[1]06'!$P$24 -> 32281 | L17: ='[1]07'!$P$24 -> 0 | M17: ='[1]08'!$P$24 -> 26283 | N17: ='[1]09'!$P$23+'[1]09'!$P$24 -> 6431 | O17: ='[2]10'!$P$23 -> 20426 | P17: ='[3]11'!$P$23 -> 23275 | Q17: ='[4]12'!$P$25 -> 27655 | R17: ='[4]13'!$P$25 -> 25803 | S17: ='[4]13'!$P$25 -> 25803 | T17: 6643 | AL17: =SUM(F17:AI17) -> 334650
C18: Fractionation OLEIN IV 56 | AL18: Olein IV 56
C19: RBDPO Consume | E19: Kg | F19: =F20+F21 -> 0 | G19: =G20+G21 -> 0 | H19: =H20+H21 -> 0 | I19: =I20+I21 -> 0 | J19: =J20+J21 -> 0 | K19: =K20+K21 -> 0 | L19: =L20+L21 -> 0 | M19: =M20+M21 -> 0 | ... AJ19: =AJ20+AJ21 -> 0 | AL19: =SUM(F19:AI19) -> 0
C20: OLEIN IV 56 | E20: Kg | F20: 0 | G20: 0 | H20: 0 | AL20: =SUM(F20:AI20) -> 0
C21: STEARIN | E21: Kg | F21: 0 | G21: 0 | H21: 0 | AL21: =SUM(F21:AI21) -> 0
C22: Fractionation OLEIN IV 57 ( Bulk ) | AL22: Olein IV 57 ( Bulk )
C23: RBDPO Consume | E23: Kg | F23: =F24+F25 -> 0 | G23: =G24+G25 -> 0 | H23: =H24+H25 -> 0 | I23: =I24+I25 -> 0 | J23: =J24+J25 -> 0 | K23: =K24+K25 -> 0 | L23: =L24+L25 -> 0 | M23: =M24+M25 -> 0 | ... AJ23: =AJ24+AJ25 -> 0 | AL23: =SUM(F23:O23) -> 0
C24: OLEIN IV 57 | E24: Kg | F24: 0 | G24: 0 | H24: 0 | AL24: =SUM(F24:O24) -> 0
C25: STEARIN | E25: Kg | F25: 0 | G25: 0 | H25: 0 | AL25: =SUM(F25:O25) -> 0
C26: Fractionation OLEIN IV 57 ( Retail ) | AL26: Olein IV 57 ( Retail )
C27: CPO Consume | E27: Kg | AL27: =SUM(F27:O27) -> 0
C28: RBDPO Brand Consume | E28: Kg | F28: =F29+F30 -> 0 | G28: =G29+G30 -> 0 | H28: =H29+H30 -> 0 | I28: =I29+I30 -> 0 | J28: =J29+J30 -> 0 | K28: =K29+K30 -> 0 | L28: =L29+L30 -> 0 | M28: =M29+M30 -> 0 | ... AJ28: =AJ29+AJ30 -> 0 | AL28: =SUM(F28:O28) -> 0
C29: OLEIN IV 57 Low Color | E29: Kg | F29: 0 | G29: 0 | H29: 0 | AL29: =SUM(F29:O29) -> 0
C30: STEARIN | E30: Kg | F30: 0 | G30: 0 | H30: 0 | AL30: =SUM(F30:O30) -> 0
C31: Fractionation OLEIN IV 58 ( Bulk ) | AL31: Olein IV 58 ( Bulk )
C32: RBDPO Consume | D32: =D33+D34 -> 21429000 | E32: Kg | F32: =F33+F34 -> 636794 | G32: =G33+G34 -> 705632 | H32: =H33+H34 -> 727663 | I32: =I33+I34 -> 1053776 | J32: =J33+J34 -> 585552 | K32: =K33+K34 -> 632355 | L32: =L33+L34 -> 315146 | M32: =M33+M34 -> 0 | ... AJ32: =AJ33+AJ34 -> 0 | AL32: =SUM(F32:AI32) -> 7315959
C33: OLEIN IV 58 | D33: 15000000 | E33: Kg | F33: ='[1]01 '!$P$21 -> 437978 | G33: ='[1]02'!$P$21 -> 502403 | H33: ='[1]03'!$P$21 -> 540182 | I33: ='[1]04'!$P$21 -> 762960 | J33: ='[1]05'!$P$21 -> 360256 | K33: ='[1]06'!$P$21 -> 449507 | L33: ='[1]07'!$P$21 -> 208841 | M33: 0 | N33: ='[1]09'!$P$21 -> 295995 | O33: 0 | P33: ='[3]11'!$P$21 -> 478550 | Q33: ='[4]12'!$P$21 -> 209348 | R33: ='[4]13'!$P$21 -> 245921 | S33: ='[4]14'!$P$21 -> 428023 | T33: ='[5]15'!$P$21 -> 212137 | AL33: =SUM(F33:AI33) -> 5132101
C34: STEARIN | D34: 6429000 | E34: Kg | F34: ='[1]01 '!$P$29 -> 198816 | G34: ='[1]02'!$P$29 -> 203229 | H34: ='[1]03'!$P$28 -> 187481 | I34: ='[1]04'!$P$30 -> 290816 | J34: ='[1]05'!$P$28 -> 225296 | K34: ='[1]06'!$P$28 -> 182848 | L34: ='[1]07'!$P$28 -> 106305 | M34: 0 | N34: ='[1]09'!$P$28 -> 96081 | O34: 0 | P34: ='[3]11'!$P$28 -> 169774 | Q34: ='[4]12'!$P$28 -> 111127 | R34: ='[4]13'!$P$30 -> 83059 | S34: ='[4]14'!$P$30 -> 191480 | T34: ='[5]15'!$P$29 -> 137546 | AL34: =SUM(F34:AI34) -> 2183858
C35: Fractionation OLEIN IV 60 | AL35: Olein IV 60
C36: CPO Consume | E36: Kg | AL36: =SUM(F36:O36) -> 0
C37: RBDPO Brand Consume | E37: Kg | F37: =F39+F40 -> 0 | G37: =G39+G40 -> 0 | H37: =H39+H40 -> 0 | I37: =I39+I40 -> 0 | J37: =J39+J40 -> 0 | K37: =K39+K40 -> 0 | L37: =L39+L40 -> 0 | M37: =M39+M40 -> 0 | ... AJ37: =AJ39+AJ40 -> 0 | AL37: =SUM(F37:O37) -> 0
C38: OLEIN IV 60 Bulk | E38: Kg | F38: 0 | G38: 0 | H38: 0 | AL38: =SUM(F38:O38) -> 0
C39: OLEIN IV 60 Salvaco | E39: Kg | F39: 0 | G39: 0 | H39: 0 | AL39: =SUM(F39:O39) -> 0
C40: SOFT STEARIN | E40: Kg | F40: 0 | G40: 0 | H40: 0 | AL40: =SUM(F40:O40) -> 0
C41: Ratio Run RBDPO | E41: % | F41: 0 | AL41: =AVERAGE(F41:O41) -> 0
C42: YIELD | AL42: Yield
C43: RBDPO | D43: 94.2 | E43: % | F43: =(F16/(F9))*100 -> 89.579608 | G43: =(G16/(G9))*100 -> 93.417494 | H43: =(H16/(H9))*100 -> 77.649067 | I43: =(I16/(I9))*100 -> 68.172379 | J43: =(J16/(J9))*100 -> 0 | K43: =(K16/(K9))*100 -> 151.12475 | L43: =(L16/(L9))*100 -> 159.06124 | M43: =(M16/(M9))*100 -> 40.728799 | ... AJ43: =(AJ16/(AJ9))*100 -> #DIV/0! | AL43: =(AL16/(AL9))*100 -> 86.651774
C44: PFAD | D44: 5 | E44: % | F44: =(F17/(F9))*100 -> 3.4445125 | G44: =(G17/(G9))*100 -> 2.525095 | H44: =(H17/(H9))*100 -> 4.4769585 | I44: =(I17/(I9))*100 -> 4.3654542 | J44: =(J17/(J9))*100 -> 0 | K44: =(K17/(K9))*100 -> 8.3094158 | L44: =(L17/(L9))*100 -> 0 | M44: =(M17/(M9))*100 -> 10.173684 | ... AJ44: =(AJ17/(AJ9))*100 -> #DIV/0! | AL44: =(AL17/(AL9))*100 -> 4.6215469
C45: Olein IV 56 | D45: 82 | E45: % | F45: =(F20/F19)*100 -> #DIV/0! | G45: =(G20/G19)*100 -> #DIV/0! | H45: =(H20/H19)*100 -> #DIV/0! | I45: =(I20/I19)*100 -> #DIV/0! | J45: =(J20/J19)*100 -> #DIV/0! | K45: =(K20/K19)*100 -> #DIV/0! | L45: =(L20/L19)*100 -> #DIV/0! | M45: =(M20/M19)*100 -> #DIV/0! | ... AJ45: =(AJ20/AJ19)*100 -> #DIV/0! | AL45: =AL20/AL19*100 -> #DIV/0!
C46: Stearin | D46: 18 | E46: % | F46: =(F21/F19)*100 -> #DIV/0! | G46: =(G21/G19)*100 -> #DIV/0! | H46: =(H21/H19)*100 -> #DIV/0! | I46: =(I21/I19)*100 -> #DIV/0! | J46: =(J21/J19)*100 -> #DIV/0! | K46: =(K21/K19)*100 -> #DIV/0! | L46: =(L21/L19)*100 -> #DIV/0! | M46: =(M21/M19)*100 -> #DIV/0! | ... AJ46: =(AJ21/AJ19)*100 -> #DIV/0! | AL46: =AL25/AL23*100 -> #DIV/0!
C47: Olein IV 57 ( Bulk ) | D47: 75 | F47: =(F24/F23)*100 -> #DIV/0! | G47: =(G24/G23)*100 -> #DIV/0! | H47: =(H24/H23)*100 -> #DIV/0! | I47: =(I24/I23)*100 -> #DIV/0! | J47: =(J24/J23)*100 -> #DIV/0! | K47: =(K24/K23)*100 -> #DIV/0! | L47: =(L24/L23)*100 -> #DIV/0! | M47: =(M24/M23)*100 -> #DIV/0! | ... AJ47: =(AJ24/AJ23)*100 -> #DIV/0! | AL47: =(AL29/AL28)*100 -> #DIV/0!
C48: Stearin | D48: 25 | F48: =(F25/F23)*100 -> #DIV/0! | G48: =(G25/G23)*100 -> #DIV/0! | H48: =(H25/H23)*100 -> #DIV/0! | I48: =(I25/I23)*100 -> #DIV/0! | J48: =(J25/J23)*100 -> #DIV/0! | K48: =(K25/K23)*100 -> #DIV/0! | L48: =(L25/L23)*100 -> #DIV/0! | M48: =(M25/M23)*100 -> #DIV/0! | ... AJ48: =(AJ25/AJ23)*100 -> #DIV/0! | AL48: =(AL30/AL28)*100 -> #DIV/0!
C49: Olein IV 57 ( Retail ) | D49: 75 | E49: % | F49: =F29/F28*100 -> #DIV/0! | G49: =G29/G28*100 -> #DIV/0! | H49: =H29/H28*100 -> #DIV/0! | I49: =I29/I28*100 -> #DIV/0! | J49: =J29/J28*100 -> #DIV/0! | K49: =K29/K28*100 -> #DIV/0! | L49: =L29/L28*100 -> #DIV/0! | M49: =M29/M28*100 -> #DIV/0! | ... AJ49: =AJ29/AJ28*100 -> #DIV/0! | AL49: =AL29/AL28*100 -> #DIV/0!
C50: Stearin | D50: 25 | E50: % | F50: =F30/F28*100 -> #DIV/0! | G50: =G30/G28*100 -> #DIV/0! | H50: =H30/H28*100 -> #DIV/0! | I50: =I30/I28*100 -> #DIV/0! | J50: =J30/J28*100 -> #DIV/0! | K50: =K30/K28*100 -> #DIV/0! | L50: =L30/L28*100 -> #DIV/0! | M50: =M30/M28*100 -> #DIV/0! | ... AJ50: =AJ30/AJ28*100 -> #DIV/0! | AL50: =AL30/AL28*100 -> #DIV/0!
C51: Olein IV 58 ( Bulk ) | D51: 70 | E51: % | F51: =F33/F32*100 -> 68.7786 | G51: =G33/G32*100 -> 71.19901 | H51: =H33/H32*100 -> 74.235189 | I51: =I33/I32*100 -> 72.402484 | J51: =J33/J32*100 -> 61.524169 | K51: =K33/K32*100 -> 71.084596 | L51: =L33/L32*100 -> 66.268015 | M51: =M33/M32*100 -> #DIV/0! | ... AJ51: =AJ33/AJ32*100 -> #DIV/0! | AL51: =AL33/AL32*100 -> 70.149395
C52: Stearin | D52: 30 | E52: % | F52: =F34/F32*100 -> 31.2214 | G52: =G34/G32*100 -> 28.80099 | H52: =H34/H32*100 -> 25.764811 | I52: =I34/I32*100 -> 27.597516 | J52: =J34/J32*100 -> 38.475831 | K52: =K34/K32*100 -> 28.915404 | L52: =L34/L32*100 -> 33.731985 | M52: =M34/M32*100 -> #DIV/0! | ... AJ52: =AJ34/AJ32*100 -> #DIV/0! | AL52: =AL34/AL32*100 -> 29.850605
C53: Olein IV 60 | D53: 60 | E53: % | F53: =F38/F37*100 -> #DIV/0! | G53: =G38/G37*100 -> #DIV/0! | H53: =H38/H37*100 -> #DIV/0! | I53: =I38/I37*100 -> #DIV/0! | J53: =J38/J37*100 -> #DIV/0! | K53: =K38/K37*100 -> #DIV/0! | L53: =L38/L37*100 -> #DIV/0! | M53: =M38/M37*100 -> #DIV/0! | ... AJ53: =AJ38/AJ37*100 -> #DIV/0! | AL53: =(AL39+AL38)/AL37*100 -> #DIV/0!
C54: Soft Stearin | D54: 40 | E54: % | F54: =F40/F37*100 -> #DIV/0! | G54: =G40/G37*100 -> #DIV/0! | H54: =H40/H37*100 -> #DIV/0! | I54: =I40/I37*100 -> #DIV/0! | J54: =J40/J37*100 -> #DIV/0! | K54: =K40/K37*100 -> #DIV/0! | L54: =L40/L37*100 -> #DIV/0! | M54: =M40/M37*100 -> #DIV/0! | ... AJ54: =AJ40/AJ37*100 -> #DIV/0! | AL54: =AL40/AL37*100 -> #DIV/0!
B55: 2 | C55: CHEMICAL CONSUMABLE | AL55: Chemical
C56: Bleaching Earth (BE) to Poram Spec | D56: 8 | E56: Kg | F56: 7096 | G56: 10494 | H56: 9008 | I56: 9356 | J56: 280 | K56: 5099 | L56: 1205 | M56: 2788 | N56: 2079 | O56: 5395 | P56: 4274 | Q56: 7474 | R56: 8184 | S56: 6386 | T56: 0 | AL56: =SUM(F56:AI56) -> 79118
E57: % | F57: =F56/(F10)*100 -> 0.9525804 | G57: =G56/(G10)*100 -> 1.410537 | H57: =H56/(H10)*100 -> 0.85918536 | I57: =I56/(I10)*100 -> 0.83923787 | J57: =J56/(J10)*100 -> 0.11284589 | K57: =K56/(K10)*100 -> 1.3125278 | L57: =L56/(L10)*100 -> 2.0809588 | M57: =M56/(M10)*100 -> 1.0791854 | ... AJ57: =AJ56/(AJ10)*100 -> #DIV/0! | AL57: =AL56/(AL10)*100 -> 1.0926268 | AM57: =AL57*10 -> 10.926268 | BJ57: #DIV/0! | BK57: #DIV/0!
C58: Bleaching Earth (BE) to Branded Spec | D58: 18 | E58: Kg | F58: 0 | G58: 0 | H58: 0 | I58: 0 | J58: 0 | K58: 0 | L58: 0 | M58: 0 | N58: 0 | O58: 0 | P58: 0 | Q58: 0 | R58: 0 | S58: 0 | T58: 0 | AL58: =SUM(F58:O58) -> 0
E59: % | F59: =F58/(F11)*100 -> #DIV/0! | G59: =G58/(G11)*100 -> #DIV/0! | H59: =H58/(H11)*100 -> #DIV/0! | I59: =I58/(I11)*100 -> #DIV/0! | J59: =J58/(J11)*100 -> #DIV/0! | K59: =K58/(K11)*100 -> #DIV/0! | L59: =L58/(L11)*100 -> #DIV/0! | M59: =M58/(M11)*100 -> #DIV/0! | ... AJ59: =AJ58/(AJ11)*100 -> #DIV/0! | AL59: =AL58/(AL11)*100 -> #DIV/0!
C60: Phosporic Acid (PA) | D60: 0.6 | E60: Kg | F60: 315.986 | G60: 398.732 | H60: 486.214 | I60: 494.384 | J60: 17.49 | K60: 277.508 | L60: 61.798 | M60: 129.422 | N60: 80.45 | O60: 227.37 | P60: 186.56 | Q60: 286.836 | R60: 281.006 | S60: 228.536 | T60: 0 | AL60: =SUM(F60:AI60) -> 3472.292
E61: % | F61: =F60/(F9)*100 -> 0.042418555 | G61: =G60/(G9)*100 -> 0.053595028 | H61: =H60/(H9)*100 -> 0.046375216 | I61: =I60/(I9)*100 -> 0.044346491 | J61: =J60/(J9)*100 -> 0.0070488381 | K61: =K60/(K9)*100 -> 0.071433021 | L61: =L60/(L9)*100 -> 0.10672124 | M61: =M60/(M9)*100 -> 0.050096964 | ... AJ61: =AJ60/(AJ9)*100 -> #DIV/0! | AL61: =AL60/(AL9)*100 -> 0.047952668
B62: 3 | C62: OIL LOSSES | D62: 0.8 | E62: % | F62: =((SUM(F16:F17))-(SUM(F9)))/(SUM(F9))*100 -> -6.9758794 | G62: =((SUM(G16:G17))-(SUM(G9)))/(SUM(G9))*100 -> -4.0574108 | H62: =((SUM(H16:H17))-(SUM(H9)))/(SUM(H9))*100 -> -17.873974 | I62: =((SUM(I16:I17))-(SUM(I9)))/(SUM(I9))*100 -> -27.462167 | J62: =((SUM(J16:J17))-(SUM(J9)))/(SUM(J9))*100 -> -100 | K62: =((SUM(K16:K17))-(SUM(K9)))/(SUM(K9))*100 -> 59.434164 | L62: =((SUM(L16:L17))-(SUM(L9)))/(SUM(L9))*100 -> 59.061237 | M62: =((SUM(M16:M17))-(SUM(M9)))/(SUM(M9))*100 -> -49.097518 | ... AJ62: =((SUM(AJ16:AJ17))-(SUM(AJ9)))/(SUM(AJ9))*100 -> #DIV/0! | AL62: =((SUM(AL16:AL17))-(SUM(AL9)))/(SUM(AL9))*100 -> -8.7266792
E63: Kg | F63: =F62%*F9 -> -51965 | G63: =G62%*G9 -> -30186 | H63: =H62%*H9 -> -187397 | I63: =I62%*I9 -> -306154 | J63: =J62%*J9 -> -248126 | K63: =K62%*K9 -> 230894 | L63: =L62%*L9 -> 34200 | M63: =M62%*M9 -> -126840 | ... S63: =S62%*S9 -> 100410 | U63: =U62%*U9 -> #DIV/0! | V63: =V62%*V9 -> #DIV/0! | W63: =W62%*W9 -> #DIV/0! | X63: =X62%*X9 -> #DIV/0! | Y63: =Y62%*Y9 -> #DIV/0! | Z63: =Z62%*Z9 -> #DIV/0! | AA63: =AA62%*AA9 -> #DIV/0! | AB63: =AB62%*AB9 -> #DIV/0! | ... AI63: =AI62%*AI9 -> #DIV/0! | AL63: =SUM(F63:AJ63) -> #DIV/0!
C64: % Oil Content | D64: 22 | E64: % | F64: 21.85 | G64: 21.96 | H64: 21.92 | I64: 21.87 | J64: 21.9 | K64: 21.9 | L64: 21.9 | M64: 21.87 | N64: 22 | O64: 22.17 | P64: 22.21 | Q64: 21.99 | R64: 22.17 | S64: 22.03 | T64: 0 | AL64: =AVERAGE(F64:AI64) -> 20.516
C65: Spent Bleaching Earth | E65: Kg | F65: =SUM(F56,F58)+(F64%*SUM(F56,F58)) -> 8646.476 | G65: =SUM(G56,G58)+(G64%*SUM(G56,G58)) -> 12798.482 | H65: =SUM(H56,H58)+(H64%*SUM(H56,H58)) -> 10982.554 | I65: =SUM(I56,I58)+(I64%*SUM(I56,I58)) -> 11402.157 | J65: =SUM(J56,J58)+(J64%*SUM(J56,J58)) -> 341.32 | K65: =SUM(K56,K58)+(K64%*SUM(K56,K58)) -> 6215.681 | L65: =SUM(L56,L58)+(L64%*SUM(L56,L58)) -> 1468.895 | M65: =SUM(M56,M58)+(M64%*SUM(M56,M58)) -> 3397.7356 | ... AJ65: =SUM(AJ56,AJ58)+(AJ64%*SUM(AJ56,AJ58)) -> 0 | AL65: =SUM(AL56,AL58)+(AL64%*SUM(AL56,AL58)) -> 95349.849
B66: 4 | C66: PACKAGING (Brand Salvaco) | AL66: Packaging
C67: Olein IV 60 Received | E67: Kg | AL67: 0
C68: Olein IV 60 Consume | E68: Kg | AL68: 0
C69: - finished product | E69: Kg | F69: 0 | G69: 0 | H69: 0 | I69: 0 | J69: 0 | K69: 0 | L69: 0 | M69: 0 | N69: 0 | O69: 0 | P69: 0 | Q69: 0 | R69: 0 | S69: 0 | T69: 0 | U69: 0 | V69: 0 | W69: 0 | X69: 0 | Y69: 0 | Z69: 0 | AA69: 0 | AB69: 0 | AC69: 0 | AD69: 0 | AE69: 0 | AF69: 0 | AG69: 0 | AH69: 0 | AI69: 0 | AJ69: 0 | AL69: 0
C70: - sample | E70: Kg | F70: 0 | G70: 0 | H70: 0 | I70: 0 | J70: 0 | K70: 0 | L70: 0 | M70: 0 | N70: 0 | O70: 0 | P70: 0 | Q70: 0 | R70: 0 | S70: 0 | T70: 0 | U70: 0 | V70: 0 | W70: 0 | X70: 0 | Y70: 0 | Z70: 0 | AA70: 0 | AB70: 0 | AC70: 0 | AD70: 0 | AE70: 0 | AF70: 0 | AG70: 0 | AH70: 0 | AI70: 0 | AJ70: 0 | AL70: 0
C71: - remelt, flushing, downgrade | E71: Kg | F71: 0 | H71: 0 | I71: 0 | J71: 0 | K71: 0 | L71: 0 | M71: 0 | N71: 0 | O71: 0 | P71: 0 | Q71: 0 | R71: 0 | S71: 0 | T71: 0 | U71: 0 | V71: 0 | W71: 0 | X71: 0 | Y71: 0 | Z71: 0 | AA71: 0 | AB71: 0 | AC71: 0 | AD71: 0 | AE71: 0 | AF71: 0 | AG71: 0 | AH71: 0 | AI71: 0 | AJ71: 0 | AL71: 0
C72: Carton | AL72: Carton
C73: Salvaco 1 Liter | E73: Box | AL73: 0
C74: Salvaco 2 Liter | E74: Box | AL74: 0
C75: Pouch | AL75: Pouch
C76: Salvaco 1 Liter | E76: Pouch | F76: 0 | G76: 0 | H76: 0 | I76: 0 | J76: 0 | K76: 0 | L76: 0 | M76: 0 | N76: 0 | O76: 0 | P76: 0 | Q76: 0 | R76: 0 | S76: 0 | T76: 0 | U76: 0 | V76: 0 | W76: 0 | X76: 0 | Y76: 0 | Z76: 0 | AA76: 0 | AB76: 0 | AC76: 0 | AD76: 0 | AE76: 0 | AF76: 0 | AG76: 0 | AH76: 0 | AI76: 0 | AJ76: 0 | AL76: 0
C77: Salvaco 2 Liter | E77: Pouch | F77: 0 | G77: 0 | H77: 0 | I77: 0 | J77: 0 | K77: 0 | L77: 0 | M77: 0 | N77: 0 | O77: 0 | P77: 0 | Q77: 0 | R77: 0 | S77: 0 | T77: 0 | U77: 0 | V77: 0 | W77: 0 | X77: 0 | Y77: 0 | Z77: 0 | AA77: 0 | AB77: 0 | AC77: 0 | AD77: 0 | AE77: 0 | AF77: 0 | AG77: 0 | AH77: 0 | AI77: 0 | AJ77: 0 | AL77: 0
C78: Consumable Vit. A | E78: gram | F78: 0 | G78: 0 | H78: 0 | I78: 0 | J78: 0 | K78: 0 | L78: 0 | M78: 0 | N78: 0 | O78: 0 | P78: 0 | Q78: 0 | R78: 0 | S78: 0 | T78: 0 | U78: 0 | V78: 0 | W78: 0 | X78: 0 | Y78: 0 | Z78: 0 | AA78: 0 | AB78: 0 | AC78: 0 | AD78: 0 | AE78: 0 | AF78: 0 | AG78: 0 | AH78: 0 | AI78: 0 | AJ78: 0 | AL78: 0
C79: Consumable Packing Tape | E79: Roll | F79: 0 | G79: 0 | H79: 0 | I79: 0 | J79: 0 | K79: 0 | L79: 0 | M79: 0 | N79: 0 | O79: 0 | P79: 0 | Q79: 0 | R79: 0 | S79: 0 | T79: 0 | U79: 0 | V79: 0 | W79: 0 | X79: 0 | Y79: 0 | Z79: 0 | AA79: 0 | AB79: 0 | AC79: 0 | AD79: 0 | AE79: 0 | AF79: 0 | AG79: 0 | AH79: 0 | AI79: 0 | AJ79: 0 | AL79: 0
C80: REJECT MATERIAL QTY | AL80: Loss Material
C81: Carton | AL81: Carton
C82: Salvaco 1 Liter | E82: Box | AL82: 0
C83: Salvaco 2 Liter | E83: Box | AL83: 0
C84: Pouch | AL84: Pouch
C85: Salvaco 1 Liter | E85: Pouch | F85: 0 | G85: 0 | H85: 0 | I85: 0 | J85: 0 | K85: 0 | L85: 0 | M85: 0 | N85: 0 | O85: 0 | P85: 0 | Q85: 0 | R85: 0 | S85: 0 | T85: 0 | U85: 0 | V85: 0 | W85: 0 | X85: 0 | Y85: 0 | Z85: 0 | AA85: 0 | AB85: 0 | AC85: 0 | AD85: 0 | AE85: 0 | AF85: 0 | AG85: 0 | AH85: 0 | AI85: 0 | AJ85: 0 | AL85: 0
C86: Salvaco 2 Liter | E86: Pouch | F86: 0 | G86: 0 | H86: 0 | I86: 0 | J86: 0 | K86: 0 | L86: 0 | M86: 0 | N86: 0 | O86: 0 | P86: 0 | Q86: 0 | R86: 0 | S86: 0 | T86: 0 | U86: 0 | V86: 0 | W86: 0 | X86: 0 | Y86: 0 | Z86: 0 | AA86: 0 | AB86: 0 | AC86: 0 | AD86: 0 | AE86: 0 | AF86: 0 | AG86: 0 | AH86: 0 | AI86: 0 | AJ86: 0 | AL86: 0
C87: REJECT MATERIAL (%) | AL87: Loss Material
C88: Carton | AL88: Carton
C89: Salvaco 1 Liter | D89: 0.3 | E89: % | F89: #DIV/0! | G89: #DIV/0! | H89: #DIV/0! | I89: #DIV/0! | J89: #DIV/0! | K89: #DIV/0! | L89: #DIV/0! | M89: #DIV/0! | N89: #DIV/0! | O89: #DIV/0! | P89: #DIV/0! | Q89: #DIV/0! | R89: #DIV/0! | S89: #DIV/0! | T89: #DIV/0! | U89: #DIV/0! | V89: #DIV/0! | W89: #DIV/0! | X89: #DIV/0! | Y89: #DIV/0! | Z89: #DIV/0! | AA89: #DIV/0! | AB89: #DIV/0! | AC89: #DIV/0! | AD89: #DIV/0! | AE89: #DIV/0! | AF89: #DIV/0! | AG89: #DIV/0! | AH89: #DIV/0! | AI89: #DIV/0! | AJ89: #DIV/0! | AL89: #DIV/0!
C90: Salvaco 2 Liter | D90: 0.3 | E90: % | F90: #DIV/0! | G90: #DIV/0! | H90: #DIV/0! | I90: #DIV/0! | J90: #DIV/0! | K90: #DIV/0! | L90: #DIV/0! | M90: #DIV/0! | N90: #DIV/0! | O90: #DIV/0! | P90: #DIV/0! | Q90: #DIV/0! | R90: #DIV/0! | S90: #DIV/0! | T90: #DIV/0! | U90: #DIV/0! | V90: #DIV/0! | W90: #DIV/0! | X90: #DIV/0! | Y90: #DIV/0! | Z90: #DIV/0! | AA90: #DIV/0! | AB90: #DIV/0! | AC90: #DIV/0! | AD90: #DIV/0! | AE90: #DIV/0! | AF90: #DIV/0! | AG90: #DIV/0! | AH90: #DIV/0! | AI90: #DIV/0! | AJ90: #DIV/0! | AL90: #DIV/0!
C91: Pouch | AL91: Pouch
C92: Salvaco 1 Liter | D92: 0.5 | E92: % | F92: #DIV/0! | G92: #DIV/0! | H92: #DIV/0! | I92: #DIV/0! | J92: #DIV/0! | K92: #DIV/0! | L92: #DIV/0! | M92: #DIV/0! | N92: #DIV/0! | O92: #DIV/0! | P92: #DIV/0! | Q92: #DIV/0! | R92: #DIV/0! | S92: #DIV/0! | T92: #DIV/0! | U92: #DIV/0! | V92: #DIV/0! | W92: #DIV/0! | X92: #DIV/0! | Y92: #DIV/0! | Z92: #DIV/0! | AA92: #DIV/0! | AB92: #DIV/0! | AC92: #DIV/0! | AD92: #DIV/0! | AE92: #DIV/0! | AF92: #DIV/0! | AG92: #DIV/0! | AH92: #DIV/0! | AI92: #DIV/0! | AJ92: #DIV/0! | AL92: #DIV/0!
C93: Salvaco 2 Liter | D93: 0.5 | E93: % | F93: #DIV/0! | G93: #DIV/0! | H93: #DIV/0! | I93: #DIV/0! | J93: #DIV/0! | K93: #DIV/0! | L93: #DIV/0! | M93: #DIV/0! | N93: #DIV/0! | O93: #DIV/0! | P93: #DIV/0! | Q93: #DIV/0! | R93: #DIV/0! | S93: #DIV/0! | T93: #DIV/0! | U93: #DIV/0! | V93: #DIV/0! | W93: #DIV/0! | X93: #DIV/0! | Y93: #DIV/0! | Z93: #DIV/0! | AA93: #DIV/0! | AB93: #DIV/0! | AC93: #DIV/0! | AD93: #DIV/0! | AE93: #DIV/0! | AF93: #DIV/0! | AG93: #DIV/0! | AH93: #DIV/0! | AI93: #DIV/0! | AJ93: #DIV/0! | AL93: #DIV/0!
B94: 5 | C94: PACKAGING (Brand Nusakita) | AL94: Packaging
C95: Olein IV 60 Consume | E95: Kg | AL95: 0
C96: - finished product | E96: Kg | F96: 0 | G96: 0 | H96: 0 | I96: 0 | J96: 0 | K96: 0 | L96: 0 | M96: 0 | N96: 0 | O96: 0 | P96: 0 | Q96: 0 | R96: 0 | S96: 0 | T96: 0 | U96: 0 | V96: 0 | W96: 0 | X96: 0 | Y96: 0 | Z96: 0 | AA96: 0 | AB96: 0 | AC96: 0 | AD96: 0 | AE96: 0 | AF96: 0 | AG96: 0 | AH96: 0 | AI96: 0 | AJ96: 0 | AL96: 0
C97: - sample | E97: Kg | F97: 0 | G97: 0 | H97: 0 | I97: 0 | J97: 0 | K97: 0 | L97: 0 | M97: 0 | N97: 0 | O97: 0 | P97: 0 | Q97: 0 | R97: 0 | S97: 0 | T97: 0 | U97: 0 | V97: 0 | W97: 0 | X97: 0 | Y97: 0 | Z97: 0 | AA97: 0 | AB97: 0 | AC97: 0 | AD97: 0 | AE97: 0 | AF97: 0 | AG97: 0 | AH97: 0 | AI97: 0 | AJ97: 0 | AL97: 0
C98: - remelt, flushing, downgrade | E98: Kg | F98: 0 | H98: 0 | I98: 0 | J98: 0 | K98: 0 | L98: 0 | M98: 0 | N98: 0 | O98: 0 | P98: 0 | Q98: 0 | R98: 0 | S98: 0 | T98: 0 | U98: 0 | V98: 0 | W98: 0 | X98: 0 | Y98: 0 | Z98: 0 | AA98: 0 | AB98: 0 | AC98: 0 | AD98: 0 | AE98: 0 | AF98: 0 | AG98: 0 | AH98: 0 | AI98: 0 | AJ98: 0 | AL98: 0
C99: Carton | AL99: Carton
C100: Nusakita 1 Liter | E100: Box | AL100: 0
...

Sheet Juli - 2024 ( Revisi )
B1: PRODUCTION REPORT
B2: No | C2: ITEM | D2: Budget / Norma | E2: UoM | F2: Juli | AL2: TOTAL (Kg)
F3: 1 | G3: 2 | H3: 3 | I3: 4 | J3: 5 | K3: 6 | L3: 7 | M3: 8 | N3: 9 | O3: 10 | P3: 11 | Q3: 12 | R3: 13 | S3: 14 | T3: 15 | U3: 16 | V3: 17 | W3: 18 | X3: 19 | Y3: 20 | Z3: 21 | AA3: 22 | AB3: 23 | AC3: 24 | AD3: 25 | AE3: 26 | AF3: 27 | AG3: 28 | AH3: 29 | AI3: 30 | AJ3: 31
B4: 1 | C4: PRODUCTION | AL4: Production
C5: Refinery | AL5: Refinery
C6: Running Days | E6: Day | F6: 1 | G6: 1 | H6: 1 | I6: 1 | J6: 1 | K6: 1 | L6: 1 | M6: 1 | N6: 1 | O6: 1 | P6: 1 | Q6: 1 | R6: 1 | S6: 1 | T6: 0 | U6: 0 | V6: 0 | W6: 0 | X6: 0 | Y6: 0 | Z6: 0 | AA6: 0 | AB6: 0 | AC6: 1 | AD6: 1 | AE6: 1 | AF6: 1 | AG6: 1 | AH6: 1 | AI6: 1 | AJ6: 1 | AL6: =SUM(F6:AJ6) -> 22
C7: Incoming CPO | E7: Kg | F7: ='[1]01 '!$P$14 -> 865877 | G7: ='[1]02'!$P$14 -> 1020502 | H7: ='[1]03'!$P$14 -> 623069 | I7: ='[1]04'!$P$14 -> 686156 | J7: ='[1]05'!$P$14 -> 500524 | K7: ='[1]06'!$P$14 -> 286477 | L7: ='[1]07'!$P$11 -> 40800 | M7: ='[1]08'!$P$13+168651 -> 335707 | N7: ='[1]09'!$P$13 -> 203264 | O7: ='[2]10'!$P$14-22440 -> 803740 | P7: ='[3]11'!$P$14 -> 474327 | Q7: ='[4]12'!$P$13+156887 -> 486876 | R7: =186434+'[4]13'!$P$13 -> 412792 | S7: 0 | T7: 309039 | U7: ='[6]16'!$P$13 -> 24674 | V7: =24919 -> 24919 | W7: 27425 | X7: 734033 | Y7: 1566855 | Z7: 606233 | AA7: 1510637 | AB7: 1230774 | AC7: ='[7]24'!$P$11 -> 1168304 | AD7: 720906 | AE7: ='[8]26'!$P$14+107603 -> 875445 | AF7: ='[8]27'!$P$13 -> 703530 | AG7: 0 | AH7: ='[9]29'!$P$14 -> 290049 | AI7: ='[10]30'!$P$14 -> 484162 | AJ7: ='[11]31 Stock Opname'!$P$14 -> 1179398 | AL7: =SUM(F7:AJ7) -> 18196494 | AM7: =AVERAGE(G7:O7) -> 500026.56
C8: Ratio Run CPO | E8: % | F8: =F9/2200000*100 -> 33.991182 | G8: =G9/2200000*100 -> 38.902364 | H8: =H9/2200000*100 -> 47.427591 | I8: =I9/2200000*100 -> 48.454364 | J8: =J9/2200000*100 -> 1.1002273 | K8: =K9/2200000*100 -> 27.8365 | L8: =L9/2200000*100 -> 5.7276818 | M8: =M9/2200000*100 -> 11.742864 | ... AJ8: =AJ9/2200000*100 -> 30.239909 | AL8: =AVERAGE(F8:AJ8) -> 23.454544
C9: CPO Consume Total | D9: 36359000 | E9: Kg | F9: 747806 | G9: 855852 | H9: 1043407 | I9: ='[7]04'!$Q$14 -> 1065996 | J9: 24205 | K9: 612403 | L9: 126009 | M9: 258343 | N9: ='[7]09'!$Q$11 -> 165639 | O9: 512647 | P9: 441064 | Q9: 526403 | R9: ='[4]13'!$Q$13 -> 568358 | S9: 430387 | T9: 0 | U9: 0 | V9: 0 | W9: 0 | X9: 0 | Y9: 0 | Z9: 0 | AA9: 0 | AB9: 0 | AC9: 273183 | AD9: 1638148 | AE9: 1804841 | AF9: 1260772 | AG9: 1188247 | AH9: 1067679 | AI9: 719332 | AJ9: 665278 | AL9: =SUM(F9:AJ9) -> 15995999 | AM9: =AL9/D9 -> 0.43994607 | AN9: =AL9/AL6 -> 727090.86
C10: CPO Consume Poram | D10: 29045000 | E10: Kg | F10: =F9-F27-F36 -> 747806 | G10: =G9-G27-G36 -> 855852 | H10: =H9-H27-H36 -> 1043407 | I10: =I9-I27-I36 -> 1065996 | J10: =J9-J27-J36 -> 24205 | K10: =K9-K27-K36 -> 612403 | L10: =L9-L27-L36 -> 126009 | M10: =M9-M27-M36 -> 258343 | ... AJ10: =AJ9-AJ27-AJ36 -> 665278 | AL10: =SUM(F10:AJ10) -> 15995999
C11: CPO Consume Brand | D11: 7314000 | E11: Kg | F11: =F27+F36 -> 0 | G11: =G27+G36 -> 0 | H11: =H27+H36 -> 0 | I11: =I27+I36 -> 0 | J11: =J27+J36 -> 0 | K11: =K27+K36 -> 0 | L11: =L27+L36 -> 0 | M11: =M27+M36 -> 0 | ... AJ11: =AJ27+AJ36 -> 0 | AL11: =SUM(F11:AJ11) -> 0
C12: - FFA | D12: 5 | E12: % | F12: 4.03 | G12: 4.14 | H12: 4.06 | I12: =(4.12+4.17+3.97)/3 -> 4.0866667 | J12: 4.18 | K12: =4.14 -> 4.14 | L12: 4.2 | M12: 4.08 | N12: 4.16 | O12: 4.18 | P12: 4.2 | Q12: 4.22 | R12: 3.96 | S12: =(4.29+4.09)/2 -> 4.19 | T12: 0 | U12: 0 | V12: 0 | W12: 0 | X12: 0 | Y12: 0 | Z12: 0 | AA12: 0 | AB12: 0 | AC12: 0 | AD12: 3.77 | AE12: 4.19 | AF12: 4.17 | AG12: 3.79 | AH12: 3.8 | AI12: 3.81 | AJ12: 4.11 | AL12: =SUM(F12:AJ12)/AL6 -> 3.8848485
C13: - Moist & Impurities | D13: 0.5 | E13: % | F13: 0.44 | G13: 0.46 | H13: 0.455 | I13: =(0.43+0.44+0.48)/3 -> 0.45 | J13: 0.49 | K13: =(0.44+0.49)/2 -> 0.465 | L13: 0.4 | M13: 0.48 | N13: 0.4 | O13: 0.41 | P13: 0.47 | Q13: 0.4 | R13: 0.49 | S13: =(0.4+0.49)/2 -> 0.445 | T13: 0 | U13: 0 | V13: 0 | W13: 0 | X13: 0 | Y13: 0 | Z13: 0 | AA13: 0 | AB13: 0 | AC13: 0 | AD13: 0.42 | AE13: 0.42 | AF13: 0.43 | AG13: 0.43 | AH13: 0.43 | AI13: 0.41 | AJ13: 0.4 | AL13: =SUM(F13:AJ13)/AL6 -> 0.41795455
C14: - DOBI | D14: 2,20 Min | E14: % | F14: 2.21 | G14: 2.21 | H14: 2.22 | I14: 2.21 | J14: 2.21 | K14: 2.21 | L14: 2.21 | M14: 2.22 | N14: 2.21 | O14: 2.22 | P14: 2.21 | Q14: 2.21 | R14: 2.22 | S14: 2.22 | T14: 0 | U14: 0 | V14: 0 | W14: 0 | X14: 0 | Y14: 0 | Z14: 0 | AA14: 0 | AB14: 0 | AC14: 0 | AD14: 2.21 | AE14: 2.21 | AF14: 2.22 | AG14: 2.21 | AH14: 2.22 | AI14: 2.21 | AJ14: 2.22 | AL14: =SUM(F14:AJ14)/AL6 -> 2.1131818
C15: Product | AL15: Product
C16: RbdPO | D16: 34458000 | E16: Kg | F16: 667300 | G16: 695000 | H16: 814100 | I16: 760000 | J16: 0 | K16: 587100 | M16: 198135 | N16: 70837 | O16: ='[2]10'!$P$17 -> 488153 | P16: 379337 | Q16: ='[4]12'!$P$17 -> 492952 | R16: 532900 | S16: 497845 | T16: ='[7]15'!$P$15 -> 91674 | U16: 168571 | V16: 0 | W16: 0 | X16: 0 | Y16: 0 | Z16: 0 | AA16: 0 | AB16: 0 | AC16: 0 | AD16: =1457222+97800 -> 1555022 | AE16: ='[8]26'!$P$17 -> 1732070 | AF16: ='[8]27'!$P$17 -> 1207599 | AG16: ='[8]28'!$P$17 -> 1126383 | AH16: ='[9]29'!$P$15 -> 1031434 | AI16: ='[10]30'!$P$17 -> 691482 | AJ16: ='[11]31 Stock Opname'!$P$17 -> 608815 | AL16: =SUM(F16:AJ16) -> 14396709
C17: PFAD | D17: 1636000 | E17: Kg | F17: ='[7]01 '!$P$24 -> 34831 | G17: ='[12]02'!$P$24 -> 37276 | H17: ='[1]03'!$P$24 -> 46938 | I17: ='[1]04'!$P$24 -> 48667 | J17: ='[7]05'!$P$24 -> 9507 | K17: ='[7]06'!$P$24 -> 32281 | L17: ='[7]07'!$P$24 -> 5827 | M17: ='[7]08'!$P$24 -> 25683 | N17: ='[7]09'!$P$23+'[7]09'!$P$24 -> 6431 | O17: ='[2]10'!$P$23 -> 20426 | P17: ='[3]11'!$P$23 -> 23275 | Q17: ='[4]12'!$P$25 -> 27655 | R17: ='[4]13'!$P$25 -> 25803 | S17: 20173 | T17: 6643 | U17: ='[6]16'!$P$25 -> 8852 | V17: 0 | W17: 0 | X17: 0 | Y17: 0 | Z17: 0 | AA17: 0 | AB17: 0 | AC17: ='[12]24'!$P$23 -> 4207 | AD17: ='[13]25'!$P$23 -> 61867 | AE17: ='[8]26'!$P$25 -> 66898 | AF17: ='[8]27'!$P$25 -> 56338 | AG17: ='[8]28'!$P$23 -> 49512 | AH17: ='[9]29'!$P$25 -> 39750 | AI17: ='[10]30'!$P$25 -> 25672 | AJ17: ='[11]31 Stock Opname'!$P$25 -> 29120 | AL17: =SUM(F17:AJ17) -> 713632
C18: Fractionation OLEIN IV 56 | AL18: Olein IV 56
C19: RBDPO Consume | E19: Kg | AD19: =AD20+AD21 -> 160400 | AL19: =SUM(F19:AJ19) -> 160400 | AM19: =AL19+AL32 -> 11846463 | AN19: =AM19/D16 -> 0.34379427
C20: OLEIN IV 56 | E20: Kg | F20: 0 | G20: 0 | H20: 0 | I20: 0 | J20: 0 | K20: 0 | L20: 0 | M20: 0 | N20: 0 | O20: 0 | P20: 0 | Q20: 0 | R20: 0 | S20: 0 | T20: 0 | U20: 0 | V20: 0 | W20: 0 | X20: 0 | Y20: 0 | Z20: 0 | AA20: 0 | AB20: 0 | AC20: 0 | AD20: =117900+17400 -> 135300 | AE20: 0 | AF20: 0 | AG20: 0 | AH20: 0 | AI20: 0 | AJ20: 0 | AL20: =SUM(F20:AJ20) -> 135300
C21: STEARIN | E21: Kg | F21: 0 | G21: 0 | H21: 0 | I21: 0 | J21: 0 | K21: 0 | L21: 0 | M21: 0 | N21: 0 | O21: 0 | P21: 0 | Q21: 0 | R21: 0 | S21: 0 | T21: 0 | U21: 0 | V21: 0 | W21: 0 | X21: 0 | Y21: 0 | Z21: 0 | AA21: 0 | AB21: 0 | AC21: 0 | AD21: 25100 | AE21: 0 | AF21: 0 | AG21: 0 | AH21: 0 | AI21: 0 | AJ21: 0 | AL21: =SUM(F21:AJ21) -> 25100 | AS21: =AL21+AL25+AL30+AL34+AL40 -> 3603924
C22: Fractionation OLEIN IV 57 ( Bulk ) | AL22: Olein IV 57 ( Bulk )
C23: RBDPO Consume | E23: Kg | G23: =G24+G25 -> 0 | H23: =H24+H25 -> 0 | I23: =I24+I25 -> 0 | J23: =J24+J25 -> 0 | K23: =K24+K25 -> 0 | L23: =L24+L25 -> 0 | M23: =M24+M25 -> 0 | N23: =N24+N25 -> 0 | ... AJ23: =AJ24+AJ25 -> 0 | AL23: =SUM(F23:O23) -> 0
C24: OLEIN IV 57 | E24: Kg | G24: 0 | H24: 0 | I24: 0 | J24: 0 | K24: 0 | L24: 0 | M24: 0 | N24: 0 | O24: 0 | P24: 0 | Q24: 0 | R24: 0 | S24: 0 | T24: 0 | U24: 0 | V24: 0 | W24: 0 | X24: 0 | Y24: 0 | Z24: 0 | AA24: 0 | AB24: 0 | AC24: 0 | AD24: 0 | AE24: 0 | AF24: 0 | AG24: 0 | AH24: 0 | AI24: 0 | AJ24: 0 | AL24: =SUM(F24:O24) -> 0
C25: STEARIN | E25: Kg | F25: 0 | G25: 0 | H25: 0 | I25: 0 | J25: 0 | K25: 0 | L25: 0 | M25: 0 | N25: 0 | O25: 0 | P25: 0 | Q25: 0 | R25: 0 | S25: 0 | T25: 0 | U25: 0 | V25: 0 | W25: 0 | X25: 0 | Y25: 0 | Z25: 0 | AA25: 0 | AB25: 0 | AC25: 0 | AD25: 0 | AE25: 0 | AF25: 0 | AG25: 0 | AH25: 0 | AI25: 0 | AJ25: 0 | AL25: =SUM(F25:O25) -> 0
C26: Fractionation OLEIN IV 57 ( Retail ) | AL26: Olein IV 57 ( Retail )
C27: CPO Consume | E27: Kg | AL27: =SUM(F27:O27) -> 0
C28: RBDPO Brand Consume | E28: Kg | F28: =F29+F30 -> 0 | G28: =G29+G30 -> 0 | H28: =H29+H30 -> 0 | I28: =I29+I30 -> 0 | J28: =J29+J30 -> 0 | K28: =K29+K30 -> 0 | L28: =L29+L30 -> 0 | M28: =M29+M30 -> 0 | ... AJ28: =AJ29+AJ30 -> 0 | AL28: =SUM(F28:O28) -> 0
C29: OLEIN IV 57 Low Color | E29: Kg | F29: 0 | G29: 0 | H29: 0 | I29: 0 | J29: 0 | K29: 0 | L29: 0 | M29: 0 | N29: 0 | O29: 0 | P29: 0 | Q29: 0 | R29: 0 | S29: 0 | T29: 0 | U29: 0 | V29: 0 | W29: 0 | X29: 0 | Y29: 0 | Z29: 0 | AA29: 0 | AB29: 0 | AC29: 0 | AD29: 0 | AE29: 0 | AF29: 0 | AG29: 0 | AL29: =SUM(F29:O29) -> 0
C30: STEARIN | E30: Kg | F30: 0 | G30: 0 | H30: 0 | I30: 0 | J30: 0 | K30: 0 | L30: 0 | M30: 0 | N30: 0 | O30: 0 | P30: 0 | Q30: 0 | R30: 0 | S30: 0 | T30: 0 | U30: 0 | V30: 0 | W30: 0 | X30: 0 | Y30: 0 | Z30: 0 | AA30: 0 | AB30: 0 | AC30: 0 | AD30: 0 | AE30: 0 | AF30: 0 | AG30: 0 | AL30: =SUM(F30:O30) -> 0
C31: Fractionation OLEIN IV 58 ( Bulk ) | AL31: Olein IV 58 ( Bulk )
C32: RBDPO Consume | D32: =D33+D34 -> 21429000 | E32: Kg | F32: ='[7]01 '!$Q$17 -> 591593 | G32: 564467 | H32: 641245 | I32: 536407 | J32: 596711 | K32: 602775 | M32: 28866 | N32: 240533 | O32: 233007 | P32: 458470 | Q32: 253649 | R32: 543620 | S32: 809346 | T32: 0 | U32: =U33+U34 -> 0 | V32: =V33+V34 -> 0 | W32: =W33+W34 -> 0 | X32: =X33+X34 -> 0 | Y32: =Y33+Y34 -> 0 | Z32: =Z33+Z34 -> 0 | AA32: =AA33+AA34 -> 0 | AB32: =AB33+AB34 -> 0 | AC32: 271225 | AD32: ='[7]25'!$Q$17 -> 451846 | AE32: 777047 | AF32: 786689 | AG32: 638913 | AH32: 638187 | AI32: 926379 | AJ32: 1095088 | AL32: =SUM(F32:AJ32) -> 11686063 | AR32: =SUM(AH32:AJ32) -> 2659654
C33: OLEIN IV 58 | D33: 15000000 | E33: Kg | F33: ='[1]01 '!$P$21 -> 437978 | G33: ='[1]02'!$P$21 -> 502403 | H33: ='[1]03'!$P$21 -> 540182 | I33: ='[1]04'!$P$21 -> 762960 | J33: ='[1]05'!$P$21 -> 360256 | K33: ='[7]06'!$P$21 -> 451075 | L33: 210086 | M33: 0 | N33: ='[1]09'!$P$21 -> 295995 | O33: 0 | P33: ='[3]11'!$P$21 -> 478550 | Q33: ='[4]12'!$P$21 -> 209348 | R33: ='[4]13'!$P$21 -> 245921 | S33: ='[4]14'!$P$21 -> 428023 | T33: ='[5]15'!$P$21 -> 212137 | U33: 0 | V33: 0 | W33: 0 | X33: 0 | Y33: 0 | Z33: 0 | AA33: 0 | AB33: 0 | AC33: 0 | AD33: ='[13]25'!$P$21 -> 202447 | AE33: ='[8]26'!$P$21 -> 500561 | AF33: ='[8]27'!$P$21 -> 492337 | AG33: ='[8]28'!$P$21 -> 482763 | AH33: ='[9]29'!$P$21 -> 458502 | AI33: ='[10]30'!$P$21 -> 687238 | AJ33: ='[11]31 Stock Opname'!$P$21 -> 668717 | AL33: =SUM(F33:AJ33) -> 8627479 | AR33: =SUM(AH33:AJ33) -> 1814457
C34: STEARIN | D34: 6429000 | E34: Kg | F34: ='[1]01 '!$P$29 -> 198816 | G34: ='[1]02'!$P$29 -> 203229 | H34: 214354 | I34: ='[7]04'!$P$30 -> 231602 | J34: ='[7]05'!$P$30 -> 316794 | K34: ='[1]06'!$P$28 -> 182848 | L34: ='[1]07'!$P$28 -> 106305 | M34: 0 | N34: ='[1]09'!$P$28 -> 96081 | O34: 1306 | P34: ='[3]11'!$P$28 -> 169774 | Q34: ='[4]12'!$P$28 -> 111127 | R34: ='[4]13'!$P$30 -> 83059 | S34: ='[4]14'!$P$30 -> 191480 | T34: ='[5]15'!$P$29 -> 137546 | U34: 0 | V34: 0 | W34: 0 | X34: 0 | Y34: 0 | Z34: 0 | AA34: 0 | AB34: 0 | AC34: 0 | AD34: 106690 | AE34: ='[8]26'!$P$27 -> 196065 | AF34: ='[8]27'!$P$27 -> 198863 | AG34: ='[8]28'!$P$27 -> 180437 | AH34: ='[9]29'!$P$27 -> 179685 | AI34: ='[10]30'!$P$30 -> 227514 | AJ34: ='[11]31 Stock Opname'!$P$27 -> 245249 | AL34: =SUM(F34:AJ34) -> 3578824 | AR34: =SUM(AH34:AJ34) -> 652448
C35: Fractionation OLEIN IV 60 | AL35: Olein IV 60
C36: CPO Consume | E36: Kg | AL36: =SUM(F36:AJ36) -> 0
C37: RBDPO Brand Consume | E37: Kg | F37: =F39+F40 -> 0 | G37: =G39+G40 -> 0 | H37: =H39+H40 -> 0 | I37: =I39+I40 -> 0 | J37: =J39+J40 -> 0 | K37: =K39+K40 -> 0 | L37: =L39+L40 -> 0 | M37: =M39+M40 -> 0 | ... AJ37: =AJ39+AJ40 -> 0 | AL37: =SUM(F37:AJ37) -> 0
C38: OLEIN IV 60 Bulk | E38: Kg | F38: 0 | G38: 0 | H38: 0 | I38: 0 | J38: 0 | K38: 0 | L38: 0 | M38: 0 | N38: 0 | O38: 0 | P38: 0 | Q38: 0 | R38: 0 | S38: 0 | T38: 0 | U38: 0 | V38: 0 | W38: 0 | X38: 0 | Y38: 0 | Z38: 0 | AA38: 0 | AB38: 0 | AC38: 0 | AD38: 0 | AE38: 0 | AF38: 0 | AG38: 0 | AH38: 0 | AI38: 0 | AJ38: 0 | AL38: =SUM(F38:AJ38) -> 0
C39: OLEIN IV 60 Salvaco | E39: Kg | F39: 0 | G39: 0 | H39: 0 | I39: 0 | J39: 0 | K39: 0 | L39: 0 | M39: 0 | N39: 0 | O39: 0 | P39: 0 | Q39: 0 | R39: 0 | S39: 0 | T39: 0 | U39: 0 | V39: 0 | W39: 0 | X39: 0 | Y39: 0 | Z39: 0 | AA39: 0 | AB39: 0 | AC39: 0 | AD39: 0 | AE39: 0 | AF39: 0 | AG39: 0 | AH39: 0 | AI39: 0 | AJ39: 0 | AL39: =SUM(F39:AJ39) -> 0
C40: SOFT STEARIN | E40: Kg | F40: 0 | G40: 0 | H40: 0 | I40: 0 | J40: 0 | K40: 0 | L40: 0 | M40: 0 | N40: 0 | O40: 0 | P40: 0 | Q40: 0 | R40: 0 | S40: 0 | T40: 0 | U40: 0 | V40: 0 | W40: 0 | X40: 0 | Y40: 0 | Z40: 0 | AA40: 0 | AB40: 0 | AC40: 0 | AD40: 0 | AE40: 0 | AF40: 0 | AG40: 0 | AH40: 0 | AI40: 0 | AJ40: 0 | AL40: =SUM(F40:AJ40) -> 0
C41: Ratio Run RBDPO | E41: % | F41: 0 | AL41: =SUM(F41:AJ41) -> 0
C42: YIELD | AL42: Yield
C43: RBDPO | D43: 94.2 | E43: % | F43: =(F16/(F9))*100 -> 89.234374 | G43: =(G16/(G9))*100 -> 81.205629 | H43: =(H16/(H9))*100 -> 78.023245 | I43: =(I16/(I9))*100 -> 71.294827 | J43: =(J16/(J9))*100 -> 0 | K43: =(K16/(K9))*100 -> 95.868244 | L43: =(L16/(L9))*100 -> 0 | M43: =(M16/(M9))*100 -> 76.694549 | ... AJ43: =(AJ16/(AJ9))*100 -> 91.512871 | AL43: =(AL16/(AL9))*100 -> 90.001937 | AM43: =(AM16/(AM9))*100 -> 0 | AN43: =(AN16/(AN9))*100 -> 0 | AO43: =(AO16/(AO9))*100 -> #DIV/0! | AP43: =(AP16/(AP9))*100 -> #DIV/0! | AQ43: =(AQ16/(AQ9))*100 -> #DIV/0!
C44: PFAD | D44: 5 | E44: % | F44: =(F17/(F9))*100 -> 4.6577588 | G44: =(G17/(G9))*100 -> 4.3554259 | H44: =(H17/(H9))*100 -> 4.4985322 | I44: =(I17/(I9))*100 -> 4.5654017 | J44: =(J17/(J9))*100 -> 39.277009 | K44: =(K17/(K9))*100 -> 5.2712021 | L44: =(L17/(L9))*100 -> 4.6242729 | M44: =(M17/(M9))*100 -> 9.9414344 | ... AJ44: =(AJ17/(AJ9))*100 -> 4.3771175 | AL44: =(AL17/(AL9))*100 -> 4.4613156
C45: Olein IV 56 | D45: 82 | E45: % | F45: =(F20/F19)*100 -> #DIV/0! | G45: =(G20/G19)*100 -> #DIV/0! | H45: =(H20/H19)*100 -> #DIV/0! | I45: =(I20/I19)*100 -> #DIV/0! | J45: =(J20/J19)*100 -> #DIV/0! | K45: =(K20/K19)*100 -> #DIV/0! | L45: =(L20/L19)*100 -> #DIV/0! | M45: =(M20/M19)*100 -> #DIV/0! | ... AJ45: =(AJ20/AJ19)*100 -> #DIV/0! | AL45: =AL20/AL19*100 -> 84.351621
C46: Stearin | D46: 18 | E46: % | F46: =(F21/F19)*100 -> #DIV/0! | G46: =(G21/G19)*100 -> #DIV/0! | H46: =(H21/H19)*100 -> #DIV/0! | I46: =(I21/I19)*100 -> #DIV/0! | J46: =(J21/J19)*100 -> #DIV/0! | K46: =(K21/K19)*100 -> #DIV/0! | L46: =(L21/L19)*100 -> #DIV/0! | M46: =(M21/M19)*100 -> #DIV/0! | ... AJ46: =(AJ21/AJ19)*100 -> #DIV/0! | AL46: =AL25/AL23*100 -> #DIV/0!
C47: Olein IV 57 ( Bulk ) | D47: 75 | F47: =(F24/F23)*100 -> #DIV/0! | G47: =(G24/G23)*100 -> #DIV/0! | H47: =(H24/H23)*100 -> #DIV/0! | I47: =(I24/I23)*100 -> #DIV/0! | J47: =(J24/J23)*100 -> #DIV/0! | K47: =(K24/K23)*100 -> #DIV/0! | L47: =(L24/L23)*100 -> #DIV/0! | M47: =(M24/M23)*100 -> #DIV/0! | ... AJ47: =(AJ24/AJ23)*100 -> #DIV/0! | AL47: =(AL29/AL28)*100 -> #DIV/0!
C48: Stearin | D48: 25 | F48: =(F25/F23)*100 -> #DIV/0! | G48: =(G25/G23)*100 -> #DIV/0! | H48: =(H25/H23)*100 -> #DIV/0! | I48: =(I25/I23)*100 -> #DIV/0! | J48: =(J25/J23)*100 -> #DIV/0! | K48: =(K25/K23)*100 -> #DIV/0! | L48: =(L25/L23)*100 -> #DIV/0! | M48: =(M25/M23)*100 -> #DIV/0! | ... AJ48: =(AJ25/AJ23)*100 -> #DIV/0! | AL48: =(AL30/AL28)*100 -> #DIV/0!
C49: Olein IV 57 ( Retail ) | D49: 75 | E49: % | F49: =F29/F28*100 -> #DIV/0! | G49: =G29/G28*100 -> #DIV/0! | H49: =H29/H28*100 -> #DIV/0! | I49: =I29/I28*100 -> #DIV/0! | J49: =J29/J28*100 -> #DIV/0! | K49: =K29/K28*100 -> #DIV/0! | L49: =L29/L28*100 -> #DIV/0! | M49: =M29/M28*100 -> #DIV/0! | ... AJ49: =AJ29/AJ28*100 -> #DIV/0! | AL49: =AL29/AL28*100 -> #DIV/0!
C50: Stearin | D50: 25 | E50: % | F50: =F30/F28*100 -> #DIV/0! | G50: =G30/G28*100 -> #DIV/0! | H50: =H30/H28*100 -> #DIV/0! | I50: =I30/I28*100 -> #DIV/0! | J50: =J30/J28*100 -> #DIV/0! | K50: =K30/K28*100 -> #DIV/0! | L50: =L30/L28*100 -> #DIV/0! | M50: =M30/M28*100 -> #DIV/0! | ... AJ50: =AJ30/AJ28*100 -> #DIV/0! | AL50: =AL30/AL28*100 -> #DIV/0!
C51: Olein IV 58 ( Bulk ) | D51: 70 | E51: % | F51: =F33/(F34+F33)*100 -> 68.7786 | G51: =G33/(G34+G33)*100 -> 71.19901 | H51: =H33/(H34+H33)*100 -> 71.591283 | I51: =I33/(I34+I33)*100 -> 76.713166 | J51: =J33/(J34+J33)*100 -> 53.20966 | K51: =K33/(K34+K33)*100 -> 71.156118 | L51: =L33/(L34+L33)*100 -> 66.400751 | M51: =M33/(M34+M33)*100 -> #DIV/0! | ... AJ51: =AJ33/(AJ34+AJ33)*100 -> 73.166507 | AL51: =AL33/(AL34+AL33)*100 -> 70.680525
C52: Stearin | D52: 30 | E52: % | F52: =F34/(F34+F33)*100 -> 31.2214 | G52: =G34/(G34+G33)*100 -> 28.80099 | H52: =H34/(H34+H33)*100 -> 28.408717 | I52: =I34/(I34+I33)*100 -> 23.286834 | J52: =J34/(J34+J33)*100 -> 46.79034 | K52: =K34/(K34+K33)*100 -> 28.843882 | L52: =L34/(L34+L33)*100 -> 33.599249 | M52: =M34/(M34+M33)*100 -> #DIV/0! | N52: =N34/(N34+N33)*100 -> 24.505708 | O52: 0 | P52: =P34/(P34+P33)*100 -> 26.186598 | Q52: =Q34/(Q34+Q33)*100 -> 34.675716 | R52: =R34/(R34+R33)*100 -> 25.247431 | S52: =S34/(S34+S33)*100 -> 30.908648 | T52: =T34/(T34+T33)*100 -> 39.334483 | U52: =U34/(U34+U33)*100 -> #DIV/0! | V52: =V34/(V34+V33)*100 -> #DIV/0! | W52: =W34/(W34+W33)*100 -> #DIV/0! | ... AJ52: =AJ34/(AJ34+AJ33)*100 -> 26.833493 | AL52: =AL34/(AL34+AL33)*100 -> 29.319475
C53: Olein IV 60 | D53: 60 | E53: % | F53: =F38/F37*100 -> #DIV/0! | G53: =G38/G37*100 -> #DIV/0! | H53: =H38/H37*100 -> #DIV/0! | I53: =I38/I37*100 -> #DIV/0! | J53: =J38/J37*100 -> #DIV/0! | K53: =K38/K37*100 -> #DIV/0! | L53: =L38/L37*100 -> #DIV/0! | M53: =M38/M37*100 -> #DIV/0! | ... AJ53: =AJ38/AJ37*100 -> #DIV/0! | AL53: =(AL39+AL38)/AL37*100 -> #DIV/0!
C54: Soft Stearin | D54: 40 | E54: % | F54: =F40/F37*100 -> #DIV/0! | G54: =G40/G37*100 -> #DIV/0! | H54: =H40/H37*100 -> #DIV/0! | I54: =I40/I37*100 -> #DIV/0! | J54: =J40/J37*100 -> #DIV/0! | K54: =K40/K37*100 -> #DIV/0! | L54: =L40/L37*100 -> #DIV/0! | M54: =M40/M37*100 -> #DIV/0! | ... AJ54: =AJ40/AJ37*100 -> #DIV/0! | AL54: =AL40/AL37*100 -> #DIV/0!
B55: 2 | C55: CHEMICAL CONSUMABLE | AL55: Chemical
C56: Bleaching Earth (BE) to Poram Spec | D56: 8 | E56: Kg | F56: 7096 | G56: 10494 | H56: 9008 | I56: 9356 | J56: 280 | K56: 5099 | L56: 1205 | M56: 2788 | N56: 2079 | O56: 5395 | P56: 4274 | Q56: 7474 | R56: 8184 | S56: 6386 | T56: 0 | U56: 0 | AC56: 0 | AD56: =17375+2805 -> 20180 | AE56: 16136 | AF56: 13332 | AG56: 9538 | AH56: 10328 | AI56: 6881 | AJ56: 6963 | AL56: =SUM(F56:AJ56) -> 162476
E57: % | F57: =F56/(F10)*100 -> 0.94890921 | G57: =G56/(G10)*100 -> 1.2261466 | H57: =H56/(H10)*100 -> 0.86332562 | I57: =I56/(I10)*100 -> 0.87767684 | J57: =J56/(J10)*100 -> 1.1567858 | K57: =K56/(K10)*100 -> 0.83262166 | L57: =L56/(L10)*100 -> 0.9562809 | M57: =M56/(M10)*100 -> 1.0791854 | ... AJ57: =AJ56/(AJ10)*100 -> 1.0466301 | AL57: =AL56/(AL10)*100 -> 1.015729 | AM57: =AL57*10 -> 10.15729 | AN57: =AI57*10 -> 9.5658194 | AO57: =AD57*10 -> 12.318789 | BI57: #DIV/0! | BJ57: #DIV/0!
C58: Bleaching Earth (BE) to Branded Spec | D58: 18 | E58: Kg | F58: 0 | G58: 0 | H58: 0 | I58: 0 | J58: 0 | K58: 0 | L58: 0 | M58: 0 | N58: 0 | O58: 0 | P58: 0 | Q58: 0 | R58: 0 | S58: 0 | T58: 0 | U58: 0 | V58: 0 | W58: 0 | X58: 0 | Y58: 0 | Z58: 0 | AA58: 0 | AB58: 0 | AC58: 0 | AD58: 0 | AE58: 0 | AF58: 0 | AG58: 0 | AH58: 0 | AI58: 0 | AJ58: 0 | AL58: =SUM(F58:AJ58) -> 0
E59: % | F59: =F58/(F11)*100 -> #DIV/0! | G59: =G58/(G11)*100 -> #DIV/0! | H59: =H58/(H11)*100 -> #DIV/0! | I59: =I58/(I11)*100 -> #DIV/0! | J59: =J58/(J11)*100 -> #DIV/0! | K59: =K58/(K11)*100 -> #DIV/0! | L59: =L58/(L11)*100 -> #DIV/0! | M59: =M58/(M11)*100 -> #DIV/0! | ... AJ59: =AJ58/(AJ11)*100 -> #DIV/0! | AL59: =AL58/(AL11)*100 -> #DIV/0!
C60: Phosporic Acid (PA) | D60: 0.6 | E60: Kg | F60: 315.986 | G60: 398.732 | H60: 486.214 | I60: 494.384 | J60: 17.49 | K60: 277.508 | L60: 61.798 | M60: 129.422 | N60: 80.45 | O60: 227.37 | P60: 186.56 | Q60: 286.836 | R60: 281.006 | S60: 228.536 | T60: 0 | AD60: =811.536+114.268 -> 925.804 | AE60: 902.484 | AF60: 647.13 | AG60: 613.314 | AH60: 559.674 | AI60: 373.114 | AJ60: 329.97 | AL60: =SUM(F60:AJ60) -> 7823.782
E61: % | F61: =F60/(F9)*100 -> 0.042255077 | G61: =G60/(G9)*100 -> 0.046588896 | H61: =H60/(H9)*100 -> 0.046598691 | I61: =I60/(I9)*100 -> 0.04637766 | J61: =J60/(J9)*100 -> 0.072257798 | K61: =K60/(K9)*100 -> 0.045314605 | L61: =L60/(L9)*100 -> 0.049042529 | M61: =M60/(M9)*100 -> 0.050096964 | ... AJ61: =AJ60/(AJ9)*100 -> 0.049598814 | AL61: =AL60/(AL9)*100 -> 0.048910868 | AM61: =AL61*10 -> 0.48910868 | AN61: =AI61*10 -> 0.51869512 | AO61: =AD61*10 -> 0.56515284
B62: 3 | C62: OIL LOSSES | D62: 0.8 | E62: % | F62: =((SUM(F16:F17))-(SUM(F9)))/(SUM(F9))*100 -> -6.1078675 | G62: =((SUM(G16:G17))-(SUM(G9)))/(SUM(G9))*100 -> -14.438945 | H62: =((SUM(H16:H17))-(SUM(H9)))/(SUM(H9))*100 -> -17.478223 | I62: =((SUM(I16:I17))-(SUM(I9)))/(SUM(I9))*100 -> -24.139772 | J62: =((SUM(J16:J17))-(SUM(J9)))/(SUM(J9))*100 -> -60.722991 | K62: =((SUM(K16:K17))-(SUM(K9)))/(SUM(K9))*100 -> 1.1394458 | L62: =((SUM(L16:L17))-(SUM(L9)))/(SUM(L9))*100 -> -95.375727 | M62: =((SUM(M16:M17))-(SUM(M9)))/(SUM(M9))*100 -> -13.364016 | ... AJ62: =((SUM(AJ16:AJ17))-(SUM(AJ9)))/(SUM(AJ9))*100 -> -4.1100112 | AL62: =((SUM(AL16+AL17))-(SUM(AL9)))/(SUM(AL9))*100 -> -5.536747
E63: Kg | F63: =F62%*F9 -> -45675 | G63: =G62%*G9 -> -123576 | H63: =H62%*H9 -> -182369 | I63: =I62%*I9 -> -257329 | J63: =J62%*J9 -> -14698 | K63: =K62%*K9 -> 6978 | L63: =L62%*L9 -> -120182 | M63: =M62%*M9 -> -34525 | ... AJ63: =AJ62%*AJ9 -> -27343 | AL63: =AL62%*AL9 -> -885658
C64: % Oil Content | D64: 22 | E64: % | F64: 21.85 | G64: 21.96 | H64: 21.92 | I64: 21.87 | J64: 21.9 | K64: 21.9 | L64: 21.9 | M64: 21.87 | N64: 22 | O64: 22.17 | P64: 22.21 | Q64: 21.99 | R64: 22.17 | S64: 22.03 | T64: 0 | U64: 0 | V64: 0 | AC64: 21.97 | AD64: 21.86 | AE64: 21.99 | AF64: 21.48 | AG64: 21.62 | AH64: 21.72 | AI64: 21.84 | AJ64: 21.86 | AL64: =SUM(F64:AJ64)/AL6 -> 21.912727
C65: Spent Bleaching Earth | E65: Kg | F65: =SUM(F56,F58)+(F64%*SUM(F56,F58)) -> 8646.476 | G65: =SUM(G56,G58)+(G64%*SUM(G56,G58)) -> 12798.482 | H65: =SUM(H56,H58)+(H64%*SUM(H56,H58)) -> 10982.554 | I65: =SUM(I56,I58)+(I64%*SUM(I56,I58)) -> 11402.157 | J65: =SUM(J56,J58)+(J64%*SUM(J56,J58)) -> 341.32 | K65: =SUM(K56,K58)+(K64%*SUM(K56,K58)) -> 6215.681 | L65: =SUM(L56,L58)+(L64%*SUM(L56,L58)) -> 1468.895 | M65: =SUM(M56,M58)+(M64%*SUM(M56,M58)) -> 3397.7356 | ... AJ65: =SUM(AJ56,AJ58)+(AJ64%*SUM(AJ56,AJ58)) -> 8485.1118 | AL65: =SUM(AL56,AL58)+(AL64%*SUM(AL56,AL58)) -> 198078.92
B66: 4 | C66: PACKAGING (Brand Salvaco) | AL66: Packaging
C67: Olein IV 60 Received | E67: Kg | AL67: 0
C68: Olein IV 60 Consume | E68: Kg | AL68: 0
C69: - finished product | E69: Kg | F69: 0 | G69: 0 | H69: 0 | I69: 0 | J69: 0 | K69: 0 | L69: 0 | M69: 0 | N69: 0 | O69: 0 | P69: 0 | Q69: 0 | R69: 0 | S69: 0 | T69: 0 | U69: 0 | V69: 0 | W69: 0 | X69: 0 | Y69: 0 | Z69: 0 | AA69: 0 | AB69: 0 | AC69: 0 | AD69: 0 | AE69: 0 | AF69: 0 | AG69: 0 | AH69: 0 | AJ69: 0 | AL69: 0
C70: - sample | E70: Kg | F70: 0 | G70: 0 | H70: 0 | I70: 0 | J70: 0 | K70: 0 | L70: 0 | M70: 0 | N70: 0 | O70: 0 | P70: 0 | Q70: 0 | R70: 0 | S70: 0 | T70: 0 | U70: 0 | V70: 0 | W70: 0 | X70: 0 | Y70: 0 | Z70: 0 | AA70: 0 | AB70: 0 | AC70: 0 | AD70: 0 | AE70: 0 | AF70: 0 | AG70: 0 | AH70: 0 | AJ70: 0 | AL70: 0
C71: - remelt, flushing, downgrade | E71: Kg | F71: 0 | H71: 0 | I71: 0 | J71: 0 | K71: 0 | L71: 0 | M71: 0 | N71: 0 | O71: 0 | P71: 0 | Q71: 0 | R71: 0 | S71: 0 | T71: 0 | U71: 0 | V71: 0 | W71: 0 | X71: 0 | Y71: 0 | Z71: 0 | AA71: 0 | AB71: 0 | AC71: 0 | AD71: 0 | AE71: 0 | AF71: 0 | AG71: 0 | AH71: 0 | AJ71: 0 | AL71: 0
C72: Carton | AL72: Carton
C73: Salvaco 1 Liter | E73: Box | AL73: 0
C74: Salvaco 2 Liter | E74: Box | AL74: 0
C75: Pouch | AL75: Pouch
C76: Salvaco 1 Liter | E76: Pouch | F76: 0 | G76: 0 | H76: 0 | I76: 0 | J76: 0 | K76: 0 | L76: 0 | M76: 0 | N76: 0 | O76: 0 | P76: 0 | Q76: 0 | R76: 0 | S76: 0 | T76: 0 | U76: 0 | V76: 0 | W76: 0 | X76: 0 | Y76: 0 | Z76: 0 | AA76: 0 | AB76: 0 | AC76: 0 | AD76: 0 | AE76: 0 | AF76: 0 | AG76: 0 | AH76: 0 | AJ76: 0 | AL76: 0
C77: Salvaco 2 Liter | E77: Pouch | F77: 0 | G77: 0 | H77: 0 | I77: 0 | J77: 0 | K77: 0 | L77: 0 | M77: 0 | N77: 0 | O77: 0 | P77: 0 | Q77: 0 | R77: 0 | S77: 0 | T77: 0 | U77: 0 | V77: 0 | W77: 0 | X77: 0 | Y77: 0 | Z77: 0 | AA77: 0 | AB77: 0 | AC77: 0 | AD77: 0 | AE77: 0 | AF77: 0 | AG77: 0 | AH77: 0 | AJ77: 0 | AL77: 0
C78: Consumable Vit. A | E78: gram | F78: 0 | G78: 0 | H78: 0 | I78: 0 | J78: 0 | K78: 0 | L78: 0 | M78: 0 | N78: 0 | O78: 0 | P78: 0 | Q78: 0 | R78: 0 | S78: 0 | T78: 0 | U78: 0 | V78: 0 | W78: 0 | X78: 0 | Y78: 0 | Z78: 0 | AA78: 0 | AB78: 0 | AC78: 0 | AD78: 0 | AE78: 0 | AF78: 0 | AG78: 0 | AH78: 0 | AJ78: 0 | AL78: 0
C79: Consumable Packing Tape | E79: Roll | F79: 0 | G79: 0 | H79: 0 | I79: 0 | J79: 0 | K79: 0 | L79: 0 | M79: 0 | N79: 0 | O79: 0 | P79: 0 | Q79: 0 | R79: 0 | S79: 0 | T79: 0 | U79: 0 | V79: 0 | W79: 0 | X79: 0 | Y79: 0 | Z79: 0 | AA79: 0 | AB79: 0 | AC79: 0 | AD79: 0 | AE79: 0 | AF79: 0 | AG79: 0 | AH79: 0 | AJ79: 0 | AL79: 0
C80: REJECT MATERIAL QTY | AL80: Loss Material
C81: Carton | AL81: Carton
C82: Salvaco 1 Liter | E82: Box | AL82: 0
C83: Salvaco 2 Liter | E83: Box | AL83: 0
C84: Pouch | AL84: Pouch
C85: Salvaco 1 Liter | E85: Pouch | F85: 0 | G85: 0 | H85: 0 | I85: 0 | J85: 0 | K85: 0 | L85: 0 | M85: 0 | N85: 0 | O85: 0 | P85: 0 | Q85: 0 | R85: 0 | S85: 0 | T85: 0 | U85: 0 | V85: 0 | W85: 0 | X85: 0 | Y85: 0 | Z85: 0 | AA85: 0 | AB85: 0 | AC85: 0 | AD85: 0 | AE85: 0 | AF85: 0 | AG85: 0 | AH85: 0 | AJ85: 0 | AL85: 0
C86: Salvaco 2 Liter | E86: Pouch | F86: 0 | G86: 0 | H86: 0 | I86: 0 | J86: 0 | K86: 0 | L86: 0 | M86: 0 | N86: 0 | O86: 0 | P86: 0 | Q86: 0 | R86: 0 | S86: 0 | T86: 0 | U86: 0 | V86: 0 | W86: 0 | X86: 0 | Y86: 0 | Z86: 0 | AA86: 0 | AB86: 0 | AC86: 0 | AD86: 0 | AE86: 0 | AF86: 0 | AG86: 0 | AH86: 0 | AJ86: 0 | AL86: 0
C87: REJECT MATERIAL (%) | AL87: Loss Material
C88: Carton | AL88: Carton
C89: Salvaco 1 Liter | D89: 0.3 | E89: % | F89: #DIV/0! | G89: #DIV/0! | H89: #DIV/0! | I89: #DIV/0! | J89: #DIV/0! | K89: #DIV/0! | L89: #DIV/0! | M89: #DIV/0! | N89: #DIV/0! | O89: #DIV/0! | P89: #DIV/0! | Q89: #DIV/0! | R89: #DIV/0! | S89: #DIV/0! | T89: #DIV/0! | U89: #DIV/0! | V89: #DIV/0! | W89: #DIV/0! | X89: #DIV/0! | Y89: #DIV/0! | Z89: #DIV/0! | AA89: #DIV/0! | AB89: #DIV/0! | AC89: #DIV/0! | AD89: #DIV/0! | AE89: #DIV/0! | AF89: #DIV/0! | AG89: #DIV/0! | AH89: #DIV/0! | AJ89: #DIV/0! | AL89: #DIV/0!
C90: Salvaco 2 Liter | D90: 0.3 | E90: % | F90: #DIV/0! | G90: #DIV/0! | H90: #DIV/0! | I90: #DIV/0! | J90: #DIV/0! | K90: #DIV/0! | L90: #DIV/0! | M90: #DIV/0! | N90: #DIV/0! | O90: #DIV/0! | P90: #DIV/0! | Q90: #DIV/0! | R90: #DIV/0! | S90: #DIV/0! | T90: #DIV/0! | U90: #DIV/0! | V90: #DIV/0! | W90: #DIV/0! | X90: #DIV/0! | Y90: #DIV/0! | Z90: #DIV/0! | AA90: #DIV/0! | AB90: #DIV/0! | AC90: #DIV/0! | AD90: #DIV/0! | AE90: #DIV/0! | AF90: #DIV/0! | AG90: #DIV/0! | AH90: #DIV/0! | AJ90: #DIV/0! | AL90: #DIV/0!
C91: Pouch | AL91: Pouch
C92: Salvaco 1 Liter | D92: 0.5 | E92: % | F92: #DIV/0! | G92: #DIV/0! | H92: #DIV/0! | I92: #DIV/0! | J92: #DIV/0! | K92: #DIV/0! | L92: #DIV/0! | M92: #DIV/0! | N92: #DIV/0! | O92: #DIV/0! | P92: #DIV/0! | Q92: #DIV/0! | R92: #DIV/0! | S92: #DIV/0! | T92: #DIV/0! | U92: #DIV/0! | V92: #DIV/0! | W92: #DIV/0! | X92: #DIV/0! | Y92: #DIV/0! | Z92: #DIV/0! | AA92: #DIV/0! | AB92: #DIV/0! | AC92: #DIV/0! | AD92: #DIV/0! | AE92: #DIV/0! | AF92: #DIV/0! | AG92: #DIV/0! | AH92: #DIV/0! | AJ92: #DIV/0! | AL92: #DIV/0!
C93: Salvaco 2 Liter | D93: 0.5 | E93: % | F93: #DIV/0! | G93: #DIV/0! | H93: #DIV/0! | I93: #DIV/0! | J93: #DIV/0! | K93: #DIV/0! | L93: #DIV/0! | M93: #DIV/0! | N93: #DIV/0! | O93: #DIV/0! | P93: #DIV/0! | Q93: #DIV/0! | R93: #DIV/0! | S93: #DIV/0! | T93: #DIV/0! | U93: #DIV/0! | V93: #DIV/0! | W93: #DIV/0! | X93: #DIV/0! | Y93: #DIV/0! | Z93: #DIV/0! | AA93: #DIV/0! | AB93: #DIV/0! | AC93: #DIV/0! | AD93: #DIV/0! | AE93: #DIV/0! | AF93: #DIV/0! | AG93: #DIV/0! | AH93: #DIV/0! | AJ93: #DIV/0! | AL93: #DIV/0!
B94: 5 | C94: PACKAGING (Brand Nusakita) | AL94: Packaging
C95: Olein IV 60 Consume | E95: Kg | AL95: 0
C96: - finished product | E96: Kg | F96: 0 | G96: 0 | H96: 0 | I96: 0 | J96: 0 | K96: 0 | L96: 0 | M96: 0 | N96: 0 | O96: 0 | P96: 0 | Q96: 0 | R96: 0 | S96: 0 | T96: 0 | U96: 0 | V96: 0 | W96: 0 | X96: 0 | Y96: 0 | Z96: 0 | AA96: 0 | AB96: 0 | AC96: 0 | AD96: 0 | AE96: 0 | AF96: 0 | AG96: 0 | AH96: 0 | AJ96: 0 | AL96: 0
C97: - sample | E97: Kg | F97: 0 | G97: 0 | H97: 0 | I97: 0 | J97: 0 | K97: 0 | L97: 0 | M97: 0 | N97: 0 | O97: 0 | P97: 0 | Q97: 0 | R97: 0 | S97: 0 | T97: 0 | U97: 0 | V97: 0 | W97: 0 | X97: 0 | Y97: 0 | Z97: 0 | AA97: 0 | AB97: 0 | AC97: 0 | AD97: 0 | AE97: 0 | AF97: 0 | AG97: 0 | AH97: 0 | AJ97: 0 | AL97: 0
C98: - remelt, flushing, downgrade | E98: Kg | F98: 0 | H98: 0 | I98: 0 | J98: 0 | K98: 0 | L98: 0 | M98: 0 | N98: 0 | O98: 0 | P98: 0 | Q98: 0 | R98: 0 | S98: 0 | T98: 0 | U98: 0 | V98: 0 | W98: 0 | X98: 0 | Y98: 0 | Z98: 0 | AA98: 0 | AB98: 0 | AC98: 0 | AD98: 0 | AE98: 0 | AF98: 0 | AG98: 0 | AH98: 0 | AJ98: 0 | AL98: 0
C99: Carton | AL99: Carton
C100: Nusakita 1 Liter | E100: Box | AL100: 0
...

Sheet Juli - 2024( Asli )
B1: PRODUCTION REPORT
B2: No | C2: ITEM | D2: Budget / Norma | E2: UoM | F2: Juli | AL2: TOTAL (Kg)
F3: 1 | G3: 2 | H3: 3 | I3: 4 | J3: 5 | K3: 6 | L3: 7 | M3: 8 | N3: 9 | O3: 10 | P3: 11 | Q3: 12 | R3: 13 | S3: 14 | T3: 15 | U3: 16 | V3: 17 | W3: 18 | X3: 19 | Y3: 20 | Z3: 21 | AA3: 22 | AB3: 23 | AC3: 24 | AD3: 25 | AE3: 26 | AF3: 27 | AG3: 28 | AH3: 29 | AI3: 30 | AJ3: 31
B4: 1 | C4: PRODUCTION | AL4: Production
C5: Refinery | AL5: Refinery
C6: Running Days | E6: Day | F6: 1 | G6: 1 | H6: 1 | I6: 1 | J6: 1 | K6: 1 | L6: 1 | M6: 1 | N6: 1 | O6: 1 | P6: 1 | Q6: 1 | R6: 1 | S6: 1 | T6: 0 | U6: 0 | V6: 0 | W6: 0 | X6: 0 | Y6: 0 | Z6: 0 | AA6: 0 | AB6: 0 | AC6: 1 | AD6: 1 | AE6: 1 | AF6: 1 | AG6: 1 | AH6: 1 | AI6: 1 | AJ6: 1 | AL6: =SUM(F6:AJ6) -> 22
C7: Incoming CPO | E7: Kg | F7: ='[1]01 '!$P$14 -> 865877 | G7: ='[1]02'!$P$14 -> 1020502 | H7: ='[1]03'!$P$14 -> 623069 | I7: ='[1]04'!$P$14 -> 686156 | J7: ='[1]05'!$P$14 -> 500524 | K7: ='[1]06'!$P$14 -> 286477 | L7: ='[1]07'!$P$11 -> 40800 | M7: ='[1]08'!$P$13+168651 -> 335707 | N7: ='[1]09'!$P$13 -> 203264 | O7: ='[2]10'!$P$14-22440 -> 803740 | P7: ='[3]11'!$P$14 -> 474327 | Q7: ='[4]12'!$P$13+156887 -> 486876 | R7: =186434+'[4]13'!$P$13 -> 412792 | S7: 0 | T7: 309039 | U7: ='[6]16'!$P$13 -> 24674 | V7: =24919 -> 24919 | W7: 27425 | X7: 734033 | Y7: 1566855 | Z7: 606233 | AA7: 1510637 | AB7: 1230774 | AC7: ='[14]30 Jun stock Opname'!$P$14 -> 339007 | AD7: 720906 | AE7: ='[8]26'!$P$14+107603 -> 875445 | AF7: ='[8]27'!$P$13 -> 703530 | AG7: 0 | AH7: ='[9]29'!$P$14 -> 290049 | AI7: ='[10]30'!$P$14 -> 484162 | AJ7: ='[11]31 Stock Opname'!$P$14 -> 1179398 | AL7: =SUM(F7:AJ7) -> 17367197 | AM7: =AVERAGE(G7:O7) -> 500026.56 | AT7: =AL7/AL6 -> 789418.05
C8: Ratio Run CPO | E8: % | F8: =F9/2200000*100 -> 33.860182 | G8: =G9/2200000*100 -> 33.816909 | H8: =H9/2200000*100 -> 47.656136 | I8: =I9/2200000*100 -> 50.673682 | J8: =J9/2200000*100 -> 11.278455 | K8: =K9/2200000*100 -> 22.779409 | L8: =L9/2200000*100 -> 4.7349091 | M8: =M9/2200000*100 -> 14.586682 | ... AJ8: =AJ9/2200000*100 -> 30.229409 | AL8: =AVERAGE(F8:AJ8) -> 23.09772
C9: CPO Consume Total | D9: 36359000 | E9: Kg | F9: ='[1]01 '!$Q$14 -> 744924 | G9: ='[1]02'!$Q$14 -> 743972 | H9: ='[1]03'!$Q$14 -> 1048435 | I9: ='[1]04'!$Q$14 -> 1114821 | J9: ='[1]05'!$Q$14 -> 248126 | K9: ='[12]06'!$Q$14 -> 501147 | L9: 104168 | M9: 320907 | N9: 100743 | O9: 512647 | P9: 441064 | Q9: 524002 | R9: ='[4]13'!$Q$13 -> 568358 | S9: 430387 | T9: 0 | U9: 0 | V9: 0 | W9: 0 | X9: 0 | Y9: 0 | Z9: 0 | AA9: 0 | AB9: 0 | AC9: ='OIP Refinery'!D28+'[13]24'!$Q$13-'OIP Refinery'!E28 -> 29055 | AD9: ='OIP Refinery'!D29+'[13]25'!$Q$13-'OIP Refinery'!E29 -> 1610698 | AE9: ='[8]26'!$Q$13+'[8]26'!$Q$11+'OIP Refinery'!D30-'OIP Refinery'!E30 -> 1794490 | AF9: ='[8]27'!$Q$11+'OIP Refinery'!D31-'OIP Refinery'!E31 -> 1269615 | AG9: ='OIP Refinery'!D32+'[8]28'!$Q$13-'OIP Refinery'!E32 -> 1184803 | AH9: ='OIP Refinery'!D33+'[9]29'!$Q$13-'OIP Refinery'!E33 -> 1080189 | AI9: ='OIP Refinery'!D34+'[10]30'!$Q$14-'OIP Refinery'!E34 -> 715047 | AJ9: ='OIP Refinery'!D35+'[11]31 Stock Opname'!$Q$14-'OIP Refinery'!E35 -> 665047 | AL9: =SUM(F9:AJ9) -> 15752645 | AM9: =AL9/D9 -> 0.43325298 | AN9: =AL9/AL6 -> 716029.32
C10: CPO Consume Poram | D10: 29045000 | E10: Kg | F10: =F9-F27-F36 -> 744924 | G10: =G9-G27-G36 -> 743972 | H10: =H9-H27-H36 -> 1048435 | I10: =I9-I27-I36 -> 1114821 | J10: =J9-J27-J36 -> 248126 | K10: =K9-K27-K36 -> 501147 | L10: =L9-L27-L36 -> 104168 | M10: =M9-M27-M36 -> 320907 | ... AJ10: =AJ9-AJ27-AJ36 -> 665047 | AL10: =SUM(F10:AJ10) -> 15752645
C11: CPO Consume Brand | D11: 7314000 | E11: Kg | F11: =F27+F36 -> 0 | G11: =G27+G36 -> 0 | H11: =H27+H36 -> 0 | I11: =I27+I36 -> 0 | J11: =J27+J36 -> 0 | K11: =K27+K36 -> 0 | L11: =L27+L36 -> 0 | M11: =M27+M36 -> 0 | ... AJ11: =AJ27+AJ36 -> 0 | AL11: =SUM(F11:AJ11) -> 0
C12: - FFA | D12: 5 | E12: % | F12: 4.03 | G12: 4.14 | H12: 4.06 | I12: =(4.12+4.17+3.97)/3 -> 4.0866667 | J12: 4.18 | K12: =4.14 -> 4.14 | L12: 4.2 | M12: 4.08 | N12: 4.16 | O12: 4.18 | P12: 4.2 | Q12: 4.22 | R12: 3.96 | S12: =(4.29+4.09)/2 -> 4.19 | T12: 0 | U12: 0 | V12: 0 | W12: 0 | X12: 0 | Y12: 0 | Z12: 0 | AA12: 0 | AB12: 0 | AC12: 0 | AD12: 3.77 | AE12: 4.19 | AF12: 4.17 | AG12: 3.79 | AH12: 3.8 | AI12: 3.81 | AJ12: 4.11 | AL12: =SUM(F12:AJ12)/AL6 -> 3.8848485
C13: - Moist & Impurities | D13: 0.5 | E13: % | F13: 0.44 | G13: 0.46 | H13: 0.455 | I13: =(0.43+0.44+0.48)/3 -> 0.45 | J13: 0.49 | K13: =(0.44+0.49)/2 -> 0.465 | L13: 0.4 | M13: 0.48 | N13: 0.4 | O13: 0.41 | P13: 0.47 | Q13: 0.4 | R13: 0.49 | S13: =(0.4+0.49)/2 -> 0.445 | T13: 0 | U13: 0 | V13: 0 | W13: 0 | X13: 0 | Y13: 0 | Z13: 0 | AA13: 0 | AB13: 0 | AC13: 0 | AD13: 0.42 | AE13: 0.42 | AF13: 0.43 | AG13: 0.43 | AH13: 0.43 | AI13: 0.41 | AJ13: 0.4 | AL13: =SUM(F13:AJ13)/AL6 -> 0.41795455
C14: - DOBI | D14: 2,20 Min | E14: % | F14: 2.21 | G14: 2.21 | H14: 2.22 | I14: 2.21 | J14: 2.21 | K14: 2.21 | L14: 2.21 | M14: 2.22 | N14: 2.21 | O14: 2.22 | P14: 2.21 | Q14: 2.21 | R14: 2.22 | S14: 2.22 | T14: 0 | U14: 0 | V14: 0 | W14: 0 | X14: 0 | Y14: 0 | Z14: 0 | AA14: 0 | AB14: 0 | AC14: 0 | AD14: 2.21 | AE14: 2.21 | AF14: 2.22 | AG14: 2.21 | AH14: 2.22 | AI14: 2.21 | AJ14: 2.22 | AL14: =SUM(F14:AJ14)/AL6 -> 2.1131818
C15: Product | AL15: Product
C16: RbdPO | D16: 34458000 | E16: Kg | F16: 713300 | G16: 708000 | H16: 993100 | I16: 1056000 | J16: 237021 | K16: ='[12]06'!$P$15 -> 480100 | L16: 99001 | M16: 305010 | N16: 97507 | O16: ='[2]10'!$P$17 -> 488153 | P16: 417337 | Q16: ='[4]12'!$P$17 -> 492952 | R16: ='[4]13'!$P$17+3000 -> 535902 | S16: 405010 | T16: 0 | U16: 0 | V16: 0 | W16: 0 | X16: 0 | Y16: 0 | Z16: 0 | AA16: 0 | AB16: 0 | AC16: 0 | AD16: ='[13]25'!$P$17+97800 -> 1555022 | AE16: ='[8]26'!$P$17 -> 1732070 | AF16: ='[8]27'!$P$17 -> 1207599 | AG16: ='[8]28'!$P$17 -> 1126383 | AH16: ='[9]29'!$P$15 -> 1031434 | AI16: ='[10]30'!$P$17 -> 691482 | AJ16: ='[11]31 Stock Opname'!$P$17 -> 608815 | AL16: =SUM(F16:AJ16) -> 14981198
C17: PFAD | D17: 1636000 | E17: Kg | F17: ='[1]01 '!$P$24 -> 25659 | G17: ='[12]02'!$P$24 -> 37276 | H17: ='[1]03'!$P$24 -> 46938 | I17: ='[1]04'!$P$24 -> 48667 | J17: 8070 | K17: 19280 | L17: 3234 | M17: 18283 | N17: 5131 | O17: ='[2]10'!$P$23 -> 20426 | P17: ='[3]11'!$P$23 -> 23275 | Q17: ='[4]12'!$P$25 -> 27655 | R17: ='[4]13'!$P$25 -> 25803 | S17: ='[12]14'!$P$25 -> 26239 | T17: 6643 | U17: ='[6]16'!$P$25 -> 8852 | V17: 0 | W17: 0 | X17: 0 | Y17: 0 | Z17: 0 | AA17: 0 | AB17: 0 | AC17: ='[12]24'!$P$23 -> 4207 | AD17: ='[13]25'!$P$23 -> 61867 | AE17: ='[8]26'!$P$25 -> 66898 | AF17: ='[8]27'!$P$25 -> 56338 | AG17: ='[8]28'!$P$23 -> 49512 | AH17: ='[9]29'!$P$25 -> 39750 | AI17: ='[10]30'!$P$25 -> 25672 | AJ17: ='[11]31 Stock Opname'!$P$25 -> 29120 | AL17: =SUM(F17:AJ17) -> 684795
C18: Fractionation OLEIN IV 56 | AL18: Olein IV 56
C19: RBDPO Consume | E19: Kg | F19: =F20+F21 -> 0 | G19: =G20+G21 -> 0 | H19: =H20+H21 -> 0 | I19: =I20+I21 -> 0 | J19: =J20+J21 -> 0 | K19: =K20+K21 -> 0 | L19: =L20+L21 -> 0 | M19: =M20+M21 -> 0 | ... AJ19: =AJ20+AJ21 -> 0 | AL19: =SUM(F19:AJ19) -> 160400 | AM19: =AL19+AL32 -> 12278327 | AN19: =AM19/D16 -> 0.35632733 | AT19: =AL19+AL32 -> 12278327
C20: OLEIN IV 56 | E20: Kg | F20: 0 | G20: 0 | H20: 0 | I20: 0 | J20: 0 | K20: 0 | L20: 0 | M20: 0 | N20: 0 | O20: 0 | P20: 0 | Q20: 0 | R20: 0 | S20: 0 | T20: 0 | U20: 0 | V20: 0 | W20: 0 | X20: 0 | Y20: 0 | Z20: 0 | AA20: 0 | AB20: 0 | AC20: 0 | AD20: =117900+17400 -> 135300 | AE20: 0 | AF20: 0 | AG20: 0 | AH20: 0 | AI20: 0 | AJ20: 0 | AL20: =SUM(F20:AJ20) -> 135300
C21: STEARIN | E21: Kg | F21: 0 | G21: 0 | H21: 0 | I21: 0 | J21: 0 | K21: 0 | L21: 0 | M21: 0 | N21: 0 | O21: 0 | P21: 0 | Q21: 0 | R21: 0 | S21: 0 | T21: 0 | U21: 0 | V21: 0 | W21: 0 | X21: 0 | Y21: 0 | Z21: 0 | AA21: 0 | AB21: 0 | AC21: 0 | AD21: 25100 | AE21: 0 | AF21: 0 | AG21: 0 | AH21: 0 | AI21: 0 | AJ21: 0 | AL21: =SUM(F21:AJ21) -> 25100
C22: Fractionation OLEIN IV 57 ( Bulk ) | AL22: Olein IV 57 ( Bulk )
C23: RBDPO Consume | E23: Kg | F23: =F24+F25 -> 0 | G23: =G24+G25 -> 0 | H23: =H24+H25 -> 0 | I23: =I24+I25 -> 0 | J23: =J24+J25 -> 0 | K23: =K24+K25 -> 0 | L23: =L24+L25 -> 0 | M23: =M24+M25 -> 0 | ... AJ23: =AJ24+AJ25 -> 0 | AL23: =SUM(F23:O23) -> 0
C24: OLEIN IV 57 | E24: Kg | F24: 0 | G24: 0 | H24: 0 | I24: 0 | J24: 0 | K24: 0 | L24: 0 | M24: 0 | N24: 0 | O24: 0 | P24: 0 | Q24: 0 | R24: 0 | S24: 0 | T24: 0 | U24: 0 | V24: 0 | W24: 0 | X24: 0 | Y24: 0 | Z24: 0 | AA24: 0 | AB24: 0 | AC24: 0 | AD24: 0 | AE24: 0 | AF24: 0 | AG24: 0 | AH24: 0 | AI24: 0 | AJ24: 0 | AL24: =SUM(F24:O24) -> 0
C25: STEARIN | E25: Kg | F25: 0 | G25: 0 | H25: 0 | I25: 0 | J25: 0 | K25: 0 | L25: 0 | M25: 0 | N25: 0 | O25: 0 | P25: 0 | Q25: 0 | R25: 0 | S25: 0 | T25: 0 | U25: 0 | V25: 0 | W25: 0 | X25: 0 | Y25: 0 | Z25: 0 | AA25: 0 | AB25: 0 | AC25: 0 | AD25: 0 | AE25: 0 | AF25: 0 | AG25: 0 | AH25: 0 | AI25: 0 | AJ25: 0 | AL25: =SUM(F25:O25) -> 0
C26: Fractionation OLEIN IV 57 ( Retail ) | AL26: Olein IV 57 ( Retail )
C27: CPO Consume | E27: Kg | AL27: =SUM(F27:O27) -> 0
C28: RBDPO Brand Consume | E28: Kg | F28: =F29+F30 -> 0 | G28: =G29+G30 -> 0 | H28: =H29+H30 -> 0 | I28: =I29+I30 -> 0 | J28: =J29+J30 -> 0 | K28: =K29+K30 -> 0 | L28: =L29+L30 -> 0 | M28: =M29+M30 -> 0 | ... AJ28: =AJ29+AJ30 -> 0 | AL28: =SUM(F28:O28) -> 0
C29: OLEIN IV 57 Low Color | E29: Kg | F29: 0 | G29: 0 | H29: 0 | I29: 0 | J29: 0 | K29: 0 | L29: 0 | M29: 0 | N29: 0 | O29: 0 | P29: 0 | Q29: 0 | R29: 0 | S29: 0 | T29: 0 | U29: 0 | V29: 0 | W29: 0 | X29: 0 | Y29: 0 | Z29: 0 | AA29: 0 | AB29: 0 | AC29: 0 | AD29: 0 | AE29: 0 | AF29: 0 | AG29: 0 | AL29: =SUM(F29:O29) -> 0
C30: STEARIN | E30: Kg | F30: 0 | G30: 0 | H30: 0 | I30: 0 | J30: 0 | K30: 0 | L30: 0 | M30: 0 | N30: 0 | O30: 0 | P30: 0 | Q30: 0 | R30: 0 | S30: 0 | T30: 0 | U30: 0 | V30: 0 | W30: 0 | X30: 0 | Y30: 0 | Z30: 0 | AA30: 0 | AB30: 0 | AC30: 0 | AD30: 0 | AE30: 0 | AF30: 0 | AG30: 0 | AL30: =SUM(F30:O30) -> 0
C31: Fractionation OLEIN IV 58 ( Bulk ) | AL31: Olein IV 58 ( Bulk )
C32: RBDPO Consume | D32: =D33+D34 -> 21429000 | E32: Kg | F32: =F33+F34 -> 636794 | G32: =G33+G34 -> 705632 | H32: =H33+H34 -> 727663 | I32: =I33+I34 -> 1053776 | J32: =J33+J34 -> 585552 | K32: =K33+K34 -> 632355 | L32: =L33+L34 -> 315146 | M32: =M33+M34 -> 0 | ... AJ32: =AJ33+AJ34 -> 913966 | AL32: =SUM(F32:AJ32) -> 12117927
C33: OLEIN IV 58 | D33: 15000000 | E33: Kg | F33: ='[1]01 '!$P$21 -> 437978 | G33: ='[1]02'!$P$21 -> 502403 | H33: ='[1]03'!$P$21 -> 540182 | I33: ='[1]04'!$P$21 -> 762960 | J33: ='[1]05'!$P$21 -> 360256 | K33: ='[1]06'!$P$21 -> 449507 | L33: ='[1]07'!$P$21 -> 208841 | M33: 0 | N33: ='[1]09'!$P$21 -> 295995 | O33: 0 | P33: ='[3]11'!$P$21 -> 478550 | Q33: ='[4]12'!$P$21 -> 209348 | R33: ='[4]13'!$P$21 -> 245921 | S33: ='[4]14'!$P$21 -> 428023 | T33: ='[5]15'!$P$21 -> 212137 | U33: 0 | V33: 0 | W33: 0 | X33: 0 | Y33: 0 | Z33: 0 | AA33: 0 | AB33: 0 | AC33: 0 | AD33: ='[13]25'!$P$21 -> 202447 | AE33: ='[8]26'!$P$21 -> 500561 | AF33: ='[8]27'!$P$21 -> 492337 | AG33: ='[8]28'!$P$21 -> 482763 | AH33: ='[9]29'!$P$21 -> 458502 | AI33: ='[10]30'!$P$21 -> 687238 | AJ33: ='[11]31 Stock Opname'!$P$21 -> 668717 | AL33: =SUM(F33:AJ33) -> 8624666
C34: STEARIN | D34: 6429000 | E34: Kg | F34: ='[1]01 '!$P$29 -> 198816 | G34: ='[1]02'!$P$29 -> 203229 | H34: ='[1]03'!$P$28 -> 187481 | I34: ='[1]04'!$P$30 -> 290816 | J34: ='[1]05'!$P$28 -> 225296 | K34: ='[1]06'!$P$28 -> 182848 | L34: ='[1]07'!$P$28 -> 106305 | M34: 0 | N34: ='[1]09'!$P$28 -> 96081 | O34: 0 | P34: ='[3]11'!$P$28 -> 169774 | Q34: ='[4]12'!$P$28 -> 111127 | R34: ='[4]13'!$P$30 -> 83059 | S34: ='[4]14'!$P$30 -> 191480 | T34: ='[5]15'!$P$29 -> 137546 | U34: 0 | V34: 0 | W34: 0 | X34: 0 | Y34: 0 | Z34: 0 | AA34: 0 | AB34: 0 | AC34: 0 | AD34: ='[13]25'!$P$27-AD21 -> 81590 | AE34: ='[8]26'!$P$27 -> 196065 | AF34: ='[8]27'!$P$27 -> 198863 | AG34: ='[8]28'!$P$27 -> 180437 | AH34: ='[9]29'!$P$27 -> 179685 | AI34: ='[10]30'!$P$30 -> 227514 | AJ34: ='[11]31 Stock Opname'!$P$27 -> 245249 | AL34: =SUM(F34:AJ34) -> 3493261
C35: Fractionation OLEIN IV 60 | AL35: Olein IV 60
C36: CPO Consume | E36: Kg | AL36: =SUM(F36:AJ36) -> 0
C37: RBDPO Brand Consume | E37: Kg | F37: =F39+F40 -> 0 | G37: =G39+G40 -> 0 | H37: =H39+H40 -> 0 | I37: =I39+I40 -> 0 | J37: =J39+J40 -> 0 | K37: =K39+K40 -> 0 | L37: =L39+L40 -> 0 | M37: =M39+M40 -> 0 | ... AJ37: =AJ39+AJ40 -> 0 | AL37: =SUM(F37:AJ37) -> 0
C38: OLEIN IV 60 Bulk | E38: Kg | F38: 0 | G38: 0 | H38: 0 | I38: 0 | J38: 0 | K38: 0 | L38: 0 | M38: 0 | N38: 0 | O38: 0 | P38: 0 | Q38: 0 | R38: 0 | S38: 0 | T38: 0 | U38: 0 | V38: 0 | W38: 0 | X38: 0 | Y38: 0 | Z38: 0 | AA38: 0 | AB38: 0 | AC38: 0 | AD38: 0 | AE38: 0 | AF38: 0 | AG38: 0 | AH38: 0 | AI38: 0 | AJ38: 0 | AL38: =SUM(F38:AJ38) -> 0
C39: OLEIN IV 60 Salvaco | E39: Kg | F39: 0 | G39: 0 | H39: 0 | I39: 0 | J39: 0 | K39: 0 | L39: 0 | M39: 0 | N39: 0 | O39: 0 | P39: 0 | Q39: 0 | R39: 0 | S39: 0 | T39: 0 | U39: 0 | V39: 0 | W39: 0 | X39: 0 | Y39: 0 | Z39: 0 | AA39: 0 | AB39: 0 | AC39: 0 | AD39: 0 | AE39: 0 | AF39: 0 | AG39: 0 | AH39: 0 | AI39: 0 | AJ39: 0 | AL39: =SUM(F39:AJ39) -> 0
C40: SOFT STEARIN | E40: Kg | F40: 0 | G40: 0 | H40: 0 | I40: 0 | J40: 0 | K40: 0 | L40: 0 | M40: 0 | N40: 0 | O40: 0 | P40: 0 | Q40: 0 | R40: 0 | S40: 0 | T40: 0 | U40: 0 | V40: 0 | W40: 0 | X40: 0 | Y40: 0 | Z40: 0 | AA40: 0 | AB40: 0 | AC40: 0 | AD40: 0 | AE40: 0 | AF40: 0 | AG40: 0 | AH40: 0 | AI40: 0 | AJ40: 0 | AL40: =SUM(F40:AJ40) -> 0
C41: Ratio Run RBDPO | E41: % | F41: 0 | AL41: =SUM(F41:AJ41) -> 0
C42: YIELD | AL42: Yield
C43: RBDPO | D43: 94.2 | E43: % | F43: =(F16/(F9))*100 -> 95.754735 | G43: =(G16/(G9))*100 -> 95.164872 | H43: =(H16/(H9))*100 -> 94.722133 | I43: =(I16/(I9))*100 -> 94.723727 | J43: =(J16/(J9))*100 -> 95.524451 | K43: =(K16/(K9))*100 -> 95.800234 | L43: =(L16/(L9))*100 -> 95.039743 | M43: =(M16/(M9))*100 -> 95.046228 | ... AJ43: =(AJ16/(AJ9))*100 -> 91.544658 | AL43: =(AL16/(AL9))*100 -> 95.102746
C44: PFAD | D44: 5 | E44: % | F44: =(F17/(F9))*100 -> 3.4445125 | G44: =(G17/(G9))*100 -> 5.0104036 | H44: =(H17/(H9))*100 -> 4.4769585 | I44: =(I17/(I9))*100 -> 4.3654542 | J44: =(J17/(J9))*100 -> 3.2523798 | K44: =(K17/(K9))*100 -> 3.8471746 | L44: =(L17/(L9))*100 -> 3.1046003 | M44: =(M17/(M9))*100 -> 5.6972892 | ... AJ44: =(AJ17/(AJ9))*100 -> 4.3786379 | AL44: =(AL17/(AL9))*100 -> 4.3471747
C45: Olein IV 56 | D45: 82 | E45: % | F45: =(F20/F19)*100 -> #DIV/0! | G45: =(G20/G19)*100 -> #DIV/0! | H45: =(H20/H19)*100 -> #DIV/0! | I45: =(I20/I19)*100 -> #DIV/0! | J45: =(J20/J19)*100 -> #DIV/0! | K45: =(K20/K19)*100 -> #DIV/0! | L45: =(L20/L19)*100 -> #DIV/0! | M45: =(M20/M19)*100 -> #DIV/0! | ... AJ45: =(AJ20/AJ19)*100 -> #DIV/0! | AL45: =AL20/AL19*100 -> 84.351621
C46: Stearin | D46: 18 | E46: % | F46: =(F21/F19)*100 -> #DIV/0! | G46: =(G21/G19)*100 -> #DIV/0! | H46: =(H21/H19)*100 -> #DIV/0! | I46: =(I21/I19)*100 -> #DIV/0! | J46: =(J21/J19)*100 -> #DIV/0! | K46: =(K21/K19)*100 -> #DIV/0! | L46: =(L21/L19)*100 -> #DIV/0! | M46: =(M21/M19)*100 -> #DIV/0! | ... AJ46: =(AJ21/AJ19)*100 -> #DIV/0! | AL46: =AL21/AL19*100 -> 15.648379
C47: Olein IV 57 ( Bulk ) | D47: 75 | F47: =(F24/F23)*100 -> #DIV/0! | G47: =(G24/G23)*100 -> #DIV/0! | H47: =(H24/H23)*100 -> #DIV/0! | I47: =(I24/I23)*100 -> #DIV/0! | J47: =(J24/J23)*100 -> #DIV/0! | K47: =(K24/K23)*100 -> #DIV/0! | L47: =(L24/L23)*100 -> #DIV/0! | M47: =(M24/M23)*100 -> #DIV/0! | ... AJ47: =(AJ24/AJ23)*100 -> #DIV/0! | AL47: =(AL29/AL28)*100 -> #DIV/0!
C48: Stearin | D48: 25 | F48: =(F25/F23)*100 -> #DIV/0! | G48: =(G25/G23)*100 -> #DIV/0! | H48: =(H25/H23)*100 -> #DIV/0! | I48: =(I25/I23)*100 -> #DIV/0! | J48: =(J25/J23)*100 -> #DIV/0! | K48: =(K25/K23)*100 -> #DIV/0! | L48: =(L25/L23)*100 -> #DIV/0! | M48: =(M25/M23)*100 -> #DIV/0! | ... AJ48: =(AJ25/AJ23)*100 -> #DIV/0! | AL48: =(AL30/AL28)*100 -> #DIV/0!
C49: Olein IV 57 ( Retail ) | D49: 75 | E49: % | F49: =F29/F28*100 -> #DIV/0! | G49: =G29/G28*100 -> #DIV/0! | H49: =H29/H28*100 -> #DIV/0! | I49: =I29/I28*100 -> #DIV/0! | J49: =J29/J28*100 -> #DIV/0! | K49: =K29/K28*100 -> #DIV/0! | L49: =L29/L28*100 -> #DIV/0! | M49: =M29/M28*100 -> #DIV/0! | ... AJ49: =AJ29/AJ28*100 -> #DIV/0! | AL49: =AL29/AL28*100 -> #DIV/0!
C50: Stearin | D50: 25 | E50: % | F50: =F30/F28*100 -> #DIV/0! | G50: =G30/G28*100 -> #DIV/0! | H50: =H30/H28*100 -> #DIV/0! | I50: =I30/I28*100 -> #DIV/0! | J50: =J30/J28*100 -> #DIV/0! | K50: =K30/K28*100 -> #DIV/0! | L50: =L30/L28*100 -> #DIV/0! | M50: =M30/M28*100 -> #DIV/0! | ... AJ50: =AJ30/AJ28*100 -> #DIV/0! | AL50: =AL30/AL28*100 -> #DIV/0!
C51: Olein IV 58 ( Bulk ) | D51: 70 | E51: % | F51: =F33/F32*100 -> 68.7786 | G51: =G33/G32*100 -> 71.19901 | H51: =H33/H32*100 -> 74.235189 | I51: =I33/I32*100 -> 72.402484 | J51: =J33/J32*100 -> 61.524169 | K51: =K33/K32*100 -> 71.084596 | L51: =L33/L32*100 -> 66.268015 | M51: =M33/M32*100 -> #DIV/0! | ... AJ51: =AJ33/AJ32*100 -> 73.166507 | AL51: =AL33/AL32*100 -> 71.172784
C52: Stearin | D52: 30 | E52: % | F52: =F34/F32*100 -> 31.2214 | G52: =G34/G32*100 -> 28.80099 | H52: =H34/H32*100 -> 25.764811 | I52: =I34/I32*100 -> 27.597516 | J52: =J34/J32*100 -> 38.475831 | K52: =K34/K32*100 -> 28.915404 | L52: =L34/L32*100 -> 33.731985 | M52: =M34/M32*100 -> #DIV/0! | ... AJ52: =AJ34/AJ32*100 -> 26.833493 | AL52: =AL34/AL32*100 -> 28.827216
C53: Olein IV 60 | D53: 60 | E53: % | F53: =F38/F37*100 -> #DIV/0! | G53: =G38/G37*100 -> #DIV/0! | H53: =H38/H37*100 -> #DIV/0! | I53: =I38/I37*100 -> #DIV/0! | J53: =J38/J37*100 -> #DIV/0! | K53: =K38/K37*100 -> #DIV/0! | L53: =L38/L37*100 -> #DIV/0! | M53: =M38/M37*100 -> #DIV/0! | ... AJ53: =AJ38/AJ37*100 -> #DIV/0! | AL53: =(AL39+AL38)/AL37*100 -> #DIV/0!
C54: Soft Stearin | D54: 40 | E54: % | F54: =F40/F37*100 -> #DIV/0! | G54: =G40/G37*100 -> #DIV/0! | H54: =H40/H37*100 -> #DIV/0! | I54: =I40/I37*100 -> #DIV/0! | J54: =J40/J37*100 -> #DIV/0! | K54: =K40/K37*100 -> #DIV/0! | L54: =L40/L37*100 -> #DIV/0! | M54: =M40/M37*100 -> #DIV/0! | ... AJ54: =AJ40/AJ37*100 -> #DIV/0! | AL54: =AL40/AL37*100 -> #DIV/0!
B55: 2 | C55: CHEMICAL CONSUMABLE | AL55: Chemical
C56: Bleaching Earth (BE) to Poram Spec | D56: 8 | E56: Kg | F56: 7096 | G56: 10494 | H56: 9008 | I56: 9356 | J56: 280 | K56: 5099 | L56: 1205 | M56: 2788 | N56: 2079 | O56: 5395 | P56: 4274 | Q56: 7474 | R56: 8184 | S56: 6386 | T56: 0 | U56: 0 | AC56: 0 | AD56: =17375+2805 -> 20180 | AE56: 16136 | AF56: 13332 | AG56: 9538 | AH56: 10328 | AI56: 6881 | AJ56: 6963 | AL56: =SUM(F56:AJ56) -> 162476
E57: % | F57: =F56/(F10)*100 -> 0.9525804 | G57: =G56/(G10)*100 -> 1.410537 | H57: =H56/(H10)*100 -> 0.85918536 | I57: =I56/(I10)*100 -> 0.83923787 | J57: =J56/(J10)*100 -> 0.11284589 | K57: =K56/(K10)*100 -> 1.0174659 | L57: =L56/(L10)*100 -> 1.1567852 | M57: =M56/(M10)*100 -> 0.86878753 | ... AJ57: =AJ56/(AJ10)*100 -> 1.0469937 | AL57: =AL56/(AL10)*100 -> 1.0314204 | AM57: =AL57*10 -> 10.314204 | AN57: =AI57*10 -> 9.6231437 | AO57: =AD57*10 -> 12.52873 | BJ57: #DIV/0! | BK57: #DIV/0!
C58: Bleaching Earth (BE) to Branded Spec | D58: 18 | E58: Kg | F58: 0 | G58: 0 | H58: 0 | I58: 0 | J58: 0 | K58: 0 | L58: 0 | M58: 0 | N58: 0 | O58: 0 | P58: 0 | Q58: 0 | R58: 0 | S58: 0 | T58: 0 | U58: 0 | V58: 0 | W58: 0 | X58: 0 | Y58: 0 | Z58: 0 | AA58: 0 | AB58: 0 | AC58: 0 | AD58: 0 | AE58: 0 | AF58: 0 | AG58: 0 | AH58: 0 | AI58: 0 | AJ58: 0 | AL58: =SUM(F58:AJ58) -> 0
E59: % | F59: =F58/(F11)*100 -> #DIV/0! | G59: =G58/(G11)*100 -> #DIV/0! | H59: =H58/(H11)*100 -> #DIV/0! | I59: =I58/(I11)*100 -> #DIV/0! | J59: =J58/(J11)*100 -> #DIV/0! | K59: =K58/(K11)*100 -> #DIV/0! | L59: =L58/(L11)*100 -> #DIV/0! | M59: =M58/(M11)*100 -> #DIV/0! | ... AJ59: =AJ58/(AJ11)*100 -> #DIV/0! | AL59: =AL58/(AL11)*100 -> #DIV/0!
C60: Phosporic Acid (PA) | D60: 0.6 | E60: Kg | F60: 315.986 | G60: 398.732 | H60: 486.214 | I60: 494.384 | J60: 17.49 | K60: 277.508 | L60: 61.798 | M60: 129.422 | N60: 80.45 | O60: 227.37 | P60: 186.56 | Q60: 286.836 | R60: 281.006 | S60: 228.536 | T60: 0 | AD60: =811.536+114.268 -> 925.804 | AE60: 902.484 | AF60: 647.13 | AG60: 613.314 | AH60: 559.674 | AI60: 373.114 | AJ60: 329.97 | AL60: =SUM(F60:AJ60) -> 7823.782
E61: % | F61: =F60/(F9)*100 -> 0.042418555 | G61: =G60/(G9)*100 -> 0.053595028 | H61: =H60/(H9)*100 -> 0.046375216 | I61: =I60/(I9)*100 -> 0.044346491 | J61: =J60/(J9)*100 -> 0.0070488381 | K61: =K60/(K9)*100 -> 0.055374571 | L61: =L60/(L9)*100 -> 0.059325321 | M61: =M60/(M9)*100 -> 0.040330064 | ... AJ61: =AJ60/(AJ9)*100 -> 0.049616042 | AL61: =AL60/(AL9)*100 -> 0.049666466 | AM61: =AL61*10 -> 0.49666466 | AN61: =AI61*10 -> 0.52180346 | AO61: =AD61*10 -> 0.57478435
B62: 3 | C62: OIL LOSSES | D62: 0.8 | E62: % | F62: =((SUM(F16:F17))-(SUM(F9)))/(SUM(F9))*100 -> -0.80075283 | G62: =((SUM(G16:G17))-(SUM(G9)))/(SUM(G9))*100 -> 0.17527541 | H62: =((SUM(H16:H17))-(SUM(H9)))/(SUM(H9))*100 -> -0.80090802 | I62: =((SUM(I16:I17))-(SUM(I9)))/(SUM(I9))*100 -> -0.91081887 | J62: =((SUM(J16:J17))-(SUM(J9)))/(SUM(J9))*100 -> -1.2231689 | K62: =((SUM(K16:K17))-(SUM(K9)))/(SUM(K9))*100 -> -0.35259116 | L62: =((SUM(L16:L17))-(SUM(L9)))/(SUM(L9))*100 -> -1.8556562 | M62: =((SUM(M16:M17))-(SUM(M9)))/(SUM(M9))*100 -> 0.74351759 | ... AJ62: =((SUM(AJ16:AJ17))-(SUM(AJ9)))/(SUM(AJ9))*100 -> -4.0767044 | AL62: =((SUM(AL16:AL17))-(SUM(AL9)))/(SUM(AL9))*100 -> -0.55007905
E63: Kg | F63: =F62%*F9 -> -5965 | G63: =G62%*G9 -> 1304 | H63: =H62%*H9 -> -8397 | I63: =I62%*I9 -> -10154 | J63: =J62%*J9 -> -3035 | K63: =K62%*K9 -> -1767 | L63: =L62%*L9 -> -1933 | M63: =M62%*M9 -> 2386 | ... AJ63: =AJ62%*AJ9 -> -27112 | AL63: =AL62%*AL9 -> -86652
C64: % Oil Content | D64: 22 | E64: % | F64: 21.85 | G64: 21.96 | H64: 21.92 | I64: 21.87 | J64: 21.9 | K64: 21.9 | L64: 21.9 | M64: 21.87 | N64: 22 | O64: 22.17 | P64: 22.21 | Q64: 21.99 | R64: 22.17 | S64: 22.03 | T64: 0 | U64: 0 | V64: 0 | AC64: 21.97 | AD64: 21.86 | AE64: 21.99 | AF64: 21.48 | AG64: 21.62 | AH64: 21.72 | AI64: 21.84 | AJ64: 21.86 | AL64: =SUM(F64:AJ64)/AL6 -> 21.912727
C65: Spent Bleaching Earth | E65: Kg | F65: =SUM(F56,F58)+(F64%*SUM(F56,F58)) -> 8646.476 | G65: =SUM(G56,G58)+(G64%*SUM(G56,G58)) -> 12798.482 | H65: =SUM(H56,H58)+(H64%*SUM(H56,H58)) -> 10982.554 | I65: =SUM(I56,I58)+(I64%*SUM(I56,I58)) -> 11402.157 | J65: =SUM(J56,J58)+(J64%*SUM(J56,J58)) -> 341.32 | K65: =SUM(K56,K58)+(K64%*SUM(K56,K58)) -> 6215.681 | L65: =SUM(L56,L58)+(L64%*SUM(L56,L58)) -> 1468.895 | M65: =SUM(M56,M58)+(M64%*SUM(M56,M58)) -> 3397.7356 | ... AJ65: =SUM(AJ56,AJ58)+(AJ64%*SUM(AJ56,AJ58)) -> 8485.1118 | AL65: =SUM(AL56,AL58)+(AL64%*SUM(AL56,AL58)) -> 198078.92
B66: 4 | C66: PACKAGING (Brand Salvaco) | AL66: Packaging
C67: Olein IV 60 Received | E67: Kg | AL67: 0
C68: Olein IV 60 Consume | E68: Kg | AL68: 0
C69: - finished product | E69: Kg | F69: 0 | G69: 0 | H69: 0 | I69: 0 | J69: 0 | K69: 0 | L69: 0 | M69: 0 | N69: 0 | O69: 0 | P69: 0 | Q69: 0 | R69: 0 | S69: 0 | T69: 0 | U69: 0 | V69: 0 | W69: 0 | X69: 0 | Y69: 0 | Z69: 0 | AA69: 0 | AB69: 0 | AC69: 0 | AD69: 0 | AE69: 0 | AF69: 0 | AG69: 0 | AH69: 0 | AJ69: 0 | AL69: 0
C70: - sample | E70: Kg | F70: 0 | G70: 0 | H70: 0 | I70: 0 | J70: 0 | K70: 0 | L70: 0 | M70: 0 | N70: 0 | O70: 0 | P70: 0 | Q70: 0 | R70: 0 | S70: 0 | T70: 0 | U70: 0 | V70: 0 | W70: 0 | X70: 0 | Y70: 0 | Z70: 0 | AA70: 0 | AB70: 0 | AC70: 0 | AD70: 0 | AE70: 0 | AF70: 0 | AG70: 0 | AH70: 0 | AJ70: 0 | AL70: 0
C71: - remelt, flushing, downgrade | E71: Kg | F71: 0 | H71: 0 | I71: 0 | J71: 0 | K71: 0 | L71: 0 | M71: 0 | N71: 0 | O71: 0 | P71: 0 | Q71: 0 | R71: 0 | S71: 0 | T71: 0 | U71: 0 | V71: 0 | W71: 0 | X71: 0 | Y71: 0 | Z71: 0 | AA71: 0 | AB71: 0 | AC71: 0 | AD71: 0 | AE71: 0 | AF71: 0 | AG71: 0 | AH71: 0 | AJ71: 0 | AL71: 0
C72: Carton | AL72: Carton
C73: Salvaco 1 Liter | E73: Box | AL73: 0
C74: Salvaco 2 Liter | E74: Box | AL74: 0
C75: Pouch | AL75: Pouch
C76: Salvaco 1 Liter | E76: Pouch | F76: 0 | G76: 0 | H76: 0 | I76: 0 | J76: 0 | K76: 0 | L76: 0 | M76: 0 | N76: 0 | O76: 0 | P76: 0 | Q76: 0 | R76: 0 | S76: 0 | T76: 0 | U76: 0 | V76: 0 | W76: 0 | X76: 0 | Y76: 0 | Z76: 0 | AA76: 0 | AB76: 0 | AC76: 0 | AD76: 0 | AE76: 0 | AF76: 0 | AG76: 0 | AH76: 0 | AJ76: 0 | AL76: 0
C77: Salvaco 2 Liter | E77: Pouch | F77: 0 | G77: 0 | H77: 0 | I77: 0 | J77: 0 | K77: 0 | L77: 0 | M77: 0 | N77: 0 | O77: 0 | P77: 0 | Q77: 0 | R77: 0 | S77: 0 | T77: 0 | U77: 0 | V77: 0 | W77: 0 | X77: 0 | Y77: 0 | Z77: 0 | AA77: 0 | AB77: 0 | AC77: 0 | AD77: 0 | AE77: 0 | AF77: 0 | AG77: 0 | AH77: 0 | AJ77: 0 | AL77: 0
C78: Consumable Vit. A | E78: gram | F78: 0 | G78: 0 | H78: 0 | I78: 0 | J78: 0 | K78: 0 | L78: 0 | M78: 0 | N78: 0 | O78: 0 | P78: 0 | Q78: 0 | R78: 0 | S78: 0 | T78: 0 | U78: 0 | V78: 0 | W78: 0 | X78: 0 | Y78: 0 | Z78: 0 | AA78: 0 | AB78: 0 | AC78: 0 | AD78: 0 | AE78: 0 | AF78: 0 | AG78: 0 | AH78: 0 | AJ78: 0 | AL78: 0
C79: Consumable Packing Tape | E79: Roll | F79: 0 | G79: 0 | H79: 0 | I79: 0 | J79: 0 | K79: 0 | L79: 0 | M79: 0 | N79: 0 | O79: 0 | P79: 0 | Q79: 0 | R79: 0 | S79: 0 | T79: 0 | U79: 0 | V79: 0 | W79: 0 | X79: 0 | Y79: 0 | Z79: 0 | AA79: 0 | AB79: 0 | AC79: 0 | AD79: 0 | AE79: 0 | AF79: 0 | AG79: 0 | AH79: 0 | AJ79: 0 | AL79: 0
C80: REJECT MATERIAL QTY | AL80: Loss Material
C81: Carton | AL81: Carton
C82: Salvaco 1 Liter | E82: Box | AL82: 0
C83: Salvaco 2 Liter | E83: Box | AL83: 0
C84: Pouch | AL84: Pouch
C85: Salvaco 1 Liter | E85: Pouch | F85: 0 | G85: 0 | H85: 0 | I85: 0 | J85: 0 | K85: 0 | L85: 0 | M85: 0 | N85: 0 | O85: 0 | P85: 0 | Q85: 0 | R85: 0 | S85: 0 | T85: 0 | U85: 0 | V85: 0 | W85: 0 | X85: 0 | Y85: 0 | Z85: 0 | AA85: 0 | AB85: 0 | AC85: 0 | AD85: 0 | AE85: 0 | AF85: 0 | AG85: 0 | AH85: 0 | AJ85: 0 | AL85: 0
C86: Salvaco 2 Liter | E86: Pouch | F86: 0 | G86: 0 | H86: 0 | I86: 0 | J86: 0 | K86: 0 | L86: 0 | M86: 0 | N86: 0 | O86: 0 | P86: 0 | Q86: 0 | R86: 0 | S86: 0 | T86: 0 | U86: 0 | V86: 0 | W86: 0 | X86: 0 | Y86: 0 | Z86: 0 | AA86: 0 | AB86: 0 | AC86: 0 | AD86: 0 | AE86: 0 | AF86: 0 | AG86: 0 | AH86: 0 | AJ86: 0 | AL86: 0
C87: REJECT MATERIAL (%) | AL87: Loss Material
C88: Carton | AL88: Carton
C89: Salvaco 1 Liter | D89: 0.3 | E89: % | F89: #DIV/0! | G89: #DIV/0! | H89: #DIV/0! | I89: #DIV/0! | J89: #DIV/0! | K89: #DIV/0! | L89: #DIV/0! | M89: #DIV/0! | N89: #DIV/0! | O89: #DIV/0! | P89: #DIV/0! | Q89: #DIV/0! | R89: #DIV/0! | S89: #DIV/0! | T89: #DIV/0! | U89: #DIV/0! | V89: #DIV/0! | W89: #DIV/0! | X89: #DIV/0! | Y89: #DIV/0! | Z89: #DIV/0! | AA89: #DIV/0! | AB89: #DIV/0! | AC89: #DIV/0! | AD89: #DIV/0! | AE89: #DIV/0! | AF89: #DIV/0! | AG89: #DIV/0! | AH89: #DIV/0! | AJ89: #DIV/0! | AL89: #DIV/0!
C90: Salvaco 2 Liter | D90: 0.3 | E90: % | F90: #DIV/0! | G90: #DIV/0! | H90: #DIV/0! | I90: #DIV/0! | J90: #DIV/0! | K90: #DIV/0! | L90: #DIV/0! | M90: #DIV/0! | N90: #DIV/0! | O90: #DIV/0! | P90: #DIV/0! | Q90: #DIV/0! | R90: #DIV/0! | S90: #DIV/0! | T90: #DIV/0! | U90: #DIV/0! | V90: #DIV/0! | W90: #DIV/0! | X90: #DIV/0! | Y90: #DIV/0! | Z90: #DIV/0! | AA90: #DIV/0! | AB90: #DIV/0! | AC90: #DIV/0! | AD90: #DIV/0! | AE90: #DIV/0! | AF90: #DIV/0! | AG90: #DIV/0! | AH90: #DIV/0! | AJ90: #DIV/0! | AL90: #DIV/0!
C91: Pouch | AL91: Pouch
C92: Salvaco 1 Liter | D92: 0.5 | E92: % | F92: #DIV/0! | G92: #DIV/0! | H92: #DIV/0! | I92: #DIV/0! | J92: #DIV/0! | K92: #DIV/0! | L92: #DIV/0! | M92: #DIV/0! | N92: #DIV/0! | O92: #DIV/0! | P92: #DIV/0! | Q92: #DIV/0! | R92: #DIV/0! | S92: #DIV/0! | T92: #DIV/0! | U92: #DIV/0! | V92: #DIV/0! | W92: #DIV/0! | X92: #DIV/0! | Y92: #DIV/0! | Z92: #DIV/0! | AA92: #DIV/0! | AB92: #DIV/0! | AC92: #DIV/0! | AD92: #DIV/0! | AE92: #DIV/0! | AF92: #DIV/0! | AG92: #DIV/0! | AH92: #DIV/0! | AJ92: #DIV/0! | AL92: #DIV/0!
C93: Salvaco 2 Liter | D93: 0.5 | E93: % | F93: #DIV/0! | G93: #DIV/0! | H93: #DIV/0! | I93: #DIV/0! | J93: #DIV/0! | K93: #DIV/0! | L93: #DIV/0! | M93: #DIV/0! | N93: #DIV/0! | O93: #DIV/0! | P93: #DIV/0! | Q93: #DIV/0! | R93: #DIV/0! | S93: #DIV/0! | T93: #DIV/0! | U93: #DIV/0! | V93: #DIV/0! | W93: #DIV/0! | X93: #DIV/0! | Y93: #DIV/0! | Z93: #DIV/0! | AA93: #DIV/0! | AB93: #DIV/0! | AC93: #DIV/0! | AD93: #DIV/0! | AE93: #DIV/0! | AF93: #DIV/0! | AG93: #DIV/0! | AH93: #DIV/0! | AJ93: #DIV/0! | AL93: #DIV/0!
B94: 5 | C94: PACKAGING (Brand Nusakita) | AL94: Packaging
C95: Olein IV 60 Consume | E95: Kg | AL95: 0
C96: - finished product | E96: Kg | F96: 0 | G96: 0 | H96: 0 | I96: 0 | J96: 0 | K96: 0 | L96: 0 | M96: 0 | N96: 0 | O96: 0 | P96: 0 | Q96: 0 | R96: 0 | S96: 0 | T96: 0 | U96: 0 | V96: 0 | W96: 0 | X96: 0 | Y96: 0 | Z96: 0 | AA96: 0 | AB96: 0 | AC96: 0 | AD96: 0 | AE96: 0 | AF96: 0 | AG96: 0 | AH96: 0 | AJ96: 0 | AL96: 0
C97: - sample | E97: Kg | F97: 0 | G97: 0 | H97: 0 | I97: 0 | J97: 0 | K97: 0 | L97: 0 | M97: 0 | N97: 0 | O97: 0 | P97: 0 | Q97: 0 | R97: 0 | S97: 0 | T97: 0 | U97: 0 | V97: 0 | W97: 0 | X97: 0 | Y97: 0 | Z97: 0 | AA97: 0 | AB97: 0 | AC97: 0 | AD97: 0 | AE97: 0 | AF97: 0 | AG97: 0 | AH97: 0 | AJ97: 0 | AL97: 0
C98: - remelt, flushing, downgrade | E98: Kg | F98: 0 | H98: 0 | I98: 0 | J98: 0 | K98: 0 | L98: 0 | M98: 0 | N98: 0 | O98: 0 | P98: 0 | Q98: 0 | R98: 0 | S98: 0 | T98: 0 | U98: 0 | V98: 0 | W98: 0 | X98: 0 | Y98: 0 | Z98: 0 | AA98: 0 | AB98: 0 | AC98: 0 | AD98: 0 | AE98: 0 | AF98: 0 | AG98: 0 | AH98: 0 | AJ98: 0 | AL98: 0
C99: Carton | AL99: Carton
C100: Nusakita 1 Liter | E100: Box | AL100: 0
...

Sheet Prod
B2: MONTHLY PRODUCTION REPORT
B3: PT. INDUSTRI NABATI LESTARI
B4: Periode 01 s/d 31 Juli 2024
B5: NO | C5: Item | D5: Unit | E5: Juli | H5: Remaks
E6: Budget | F6: Actual | G6: Percentage Act.
B7: 1. | C7: PRODUCTION
C8: Refinery Plant
C9: Running Days | D9: Days | E9: ='[15]Planning Production Plant 1 (22'!$M$7 -> 19 | F9: ='Juli - 2024( Asli )'!AL6 -> 22 | G9: =(F9/E9) -> 1.1578947 | H9: Tercapai
C10: CPO Incoming | D10: Kg | F10: ='Juli - 2024( Asli )'!AL7 -> 17367197
C11: CPO Consume | D11: Kg | E11: ='[15]Planning Production Plant 1 (22'!$M$10*1000 -> 36359123 | F11: ='Juli - 2024( Asli )'!AL9 -> 15752645 | G11: =(F11/E11) -> 0.43325151 | H11: Tidak Tercapai
C12: - Avg. FFA | D12: % | E12: 5 | F12: ='Juli - 2024( Asli )'!AL12 -> 3.8848485 | G12: =(F12/E12) -> 0.7769697
C13: - Avg. Moist & Impurities | D13: % | E13: 0.5 | F13: ='Juli - 2024( Asli )'!AL13 -> 0.41795455 | G13: =(F13/E13) -> 0.83590909
C14: - Avg. DOBI | D14: % | E14: 22.2 | F14: ='Juli - 2024( Asli )'!AL14 -> 2.1131818 | G14: =(F14/E14) -> 0.09518837 | K14: Done
C15: Product
C16: RBDPO | D16: Kg | E16: ='[15]Planning Production Plant 1 (22'!$M$13 -> 34457.541 | F16: ='Juli - 2024( Asli )'!AL16 -> 14981198 | G16: =(F16/E16) -> 434.77269
C17: PFAD | D17: Kg | E17: ='[15]Planning Production Plant 1 (22'!$M$39 -> 1636.1606 | F17: ='Juli - 2024( Asli )'!AL17 -> 684795 | G17: =(F17/E17) -> 418.53778
C19: Fraksinasi Plant
C20: Total Proses RBDPO | D20: Kg | E20: =E23+E36+E41 -> 21442029 | F20: ='[16]Juni - 24'!AL35 -> 7764784 | G20: =(F20/E20) -> 0.36212917 | H20: Tidak Tercapai
C21: Total Olah RBDPO ( Feed ) | D21: Kg | E21: =E23+E36+E41 -> 21442029 | F21: ='[17]September - 2024'!AM23 -> 22592969 | G21: =(F21/E21) -> 1.0536768 | H21: Tidak Tercapai
C22: Fractionation Olein IV 56
C23: RBDPO Consume | D23: Kg | E23: 13028.54 | F23: 160.4 | G23: =(F23/E23) -> 0.012311433 | H23: Tidak Tercapai
C24: Olein IV 56 | D24: Kg | E24: =E23*82% -> 10683.403 | F24: 135.3 | G24: =(F24/E24) -> 0.012664504 | H24: Tidak Tercapai
C25: Stearin | D25: Kg | E25: =E23*18% -> 2345.1372 | F25: 25.1 | G25: =(F25/E25) -> 0.010702999 | H25: Tidak Tercapai
C26: Fractionation Olein IV 57 ( Bulk )
C27: RBDPO Consume | D27: Kg | E27: 0 | F27: ='[16]Juni - 24'!AL26 -> 0 | G27: =(F27/E27) -> #DIV/0!
C28: Olein IV 57 | D28: Kg | E28: 0 | F28: ='[16]Juni - 24'!AL27 -> 0 | G28: =(F28/E28) -> #DIV/0!
C29: Stearin | D29: Kg | E29: 0 | F29: ='[16]Juni - 24'!AL28 -> 0 | G29: =(F29/E29) -> #DIV/0!
C30: Fractionation Olein IV 57 ( Retail )
C31: CPO | D31: Kg | E31: 1812101.9 | G31: =(F31/E31)*100 -> 0
C32: RBDPO Consume | D32: Kg | E32: 0 | F32: ='[16]Juni - 24'!AL31 -> 0 | G32: =(F32/E32)*100 -> #DIV/0!
C33: Olein IV 57 | D33: Kg | E33: 0 | F33: ='[16]Juni - 24'!AL32 -> 0 | G33: =(F33/E33)*100 -> #DIV/0!
C34: Stearin | D34: Kg | E34: 0 | F34: ='[16]Juni - 24'!AL33 -> 0 | G34: =(F34/E34)*100 -> #DIV/0!
C35: Fractionation Olein IV 58
C36: RBDPO Consume | D36: Kg | E36: 21429000 | F36: ='Juli - 2024( Asli )'!AL32 -> 12117927 | G36: =(F36/E36)*100 -> 56.549195 | H36: Tidak Tercapai
C37: Olein IV 58 | D37: Kg | E37: 15000000 | F37: ='Juli - 2024( Asli )'!AL33 -> 8624666 | G37: =(F37/E37)*100 -> 57.497773 | H37: Tidak Tercapai
C38: Stearin | D38: Kg | E38: 6429000 | F38: ='Juli - 2024( Asli )'!AL34 -> 3493261 | G38: =(F38/E38)*100 -> 54.335993 | H38: Tidak Tercapai
C39: Fractionation Olein IV 60
C40: CPO | E40: 2234607.2 | F40: 0 | G40: =(F40/E40)*100 -> 0
C41: RBDPO Consume | D41: Kg | E41: 0 | F41: 0 | G41: =(F41/E41)*100 -> #DIV/0!
C42: Olein IV 60 Salvaco | D42: Kg | E42: 0 | F42: 0 | G42: =(F42/E42)*100 -> #DIV/0!
C43: Soft Stearin | D43: Kg | E43: 0 | F43: 0 | G43: =(F43/E43)*100 -> #DIV/0!
B44: 2. | C44: % YIELD
C45: RBDPO | D45: % | E45: 94.77 | F45: =(F16/(F11))*100 -> 95.102746 | G45: =(F45/E45)*100 -> 100.35111 | H45: Tercapai
C46: PFAD | D46: % | E46: 4.5 | F46: =(F17/(F11))*100 -> 4.3471747 | G46: =(F46/E46)*100 -> 96.603883 | H46: Tidak Tercapai
C47: Olein IV 56 | D47: % | E47: 82 | F47: =F24/(F24+F25)*100 -> 84.351621 | G47: =(F47/E47)*100 -> 102.86783 | H47: 0
C48: Stearin | D48: % | E48: 18 | F48: =(F25/F23)*100 -> 15.648379 | G48: =(F48/E48)*100 -> 86.935439 | H48: 0
C49: Olein IV 57 ( Bulk ) | D49: % | E49: 75 | F49: 0 | G49: =(F49/E49)*100 -> 0
C50: Stearin | D50: % | E50: 25 | F50: 0 | G50: =(F50/E50)*100 -> 0
C51: Olein IV 57 ( Retail ) | D51: % | E51: 75 | F51: =F33/(F33+F34)*100 -> #DIV/0! | G51: =(F51/E51)*100 -> #DIV/0! | H51: 0
C52: Stearin | D52: % | E52: 25 | F52: =(F34/F32)*100 -> #DIV/0! | G52: =(F52/E52)*100 -> #DIV/0! | H52: 0
C53: Olein IV 58 | D53: % | E53: 70 | F53: =F37/(F37+F38)*100 -> 71.172784 | G53: =(F53/E53)*100 -> 101.67541 | H53: Tercapai
C54: Stearin | D54: % | E54: 30 | F54: =(F38/F36)*100 -> 28.827216 | G54: =(F54/E54)*100 -> 96.09072 | H54: Tercapai
C55: Olein IV 60 | D55: % | E55: 60 | F55: 0 | G55: =(F55/E55)*100 -> 0
C56: Soft Stearin | D56: % | E56: 40 | F56: 0 | G56: =(F56/E56)*100 -> 0
B57: 3. | C57: CHEMICAL CONSUMABLE
C58: Bleaching Earth to Poram Spec | D58: Kg | E58: ='[15]Planning Production Plant 1 (22'!$M$78 -> 232361.57 | F58: ='Juli - 2024( Asli )'!AL56 -> 162476 | G58: =(F58/E58)*100 -> 69.923783
D59: Kg/MT | E59: 8 | F59: ='Juli - 2024( Asli )'!AL57 -> 1.0314204 | G59: =(F59/E59)*100 -> 12.892755 | H59: Tidak Tercapai
C60: Bleaching Earth to Branded Spec | D60: Kg | E60: ='[15]Planning Production Plant 1 (22'!$M$79 -> 131650.69 | F60: ='Juli - 2024( Asli )'!AL58 -> 0 | G60: =(F60/E60)*100 -> 0
D61: Kg/MT | E61: 18 | F61: ='Juli - 2024( Asli )'!AL59 -> #DIV/0! | G61: =(F61/E61)*100 -> #DIV/0!
C62: Phosporic Acid | D62: Kg | E62: ='[15]Planning Production Plant 1 (22'!$M$83 -> 21815.474 | F62: ='Juli - 2024( Asli )'!AL60 -> 7823.782 | G62: =(F62/E62)*100 -> 35.863452
D63: Kg/MT | E63: 0.6 | F63: ='Juli - 2024( Asli )'!AL61 -> 0.049666466 | G63: =(F63/E63)*100 -> 8.2777443 | H63: Tercapai
B64: 4. | C64: OIL LOSSES
C65: (Loss)/Gain | D65: % | E65: -0.8 | F65: ='Juli - 2024( Asli )'!AL62 -> -0.55007905 | G65: =(F65/E65)*100 -> 68.759881 | H65: Tercapai
C66: % Oil Content | D66: % | E66: 22 | F66: ='Juli - 2024( Asli )'!AL64 -> 21.912727 | G66: =(F66/E66)*100 -> 99.603306 | H66: Tercapai
C67: Spent Bleaching Earth | D67: Kg | E67: 444095 | F67: ='Juli - 2024( Asli )'!AL65 -> 198078.92 | G67: =(F67/E67)*100 -> 44.602827 | H67: Tercapai
B68: NB :
B69: - BE Over dengan pemakaian consume Bleaching Earth 10,3 Kg/MT
B70: - Untuk hari olah Produksi terpenuhi namun dalam kondisi Slow Flowrate dikarenakan Shortage CPO dan target Shipment yang tercapai hanya Olein IV 58
B72: - Total CPO Proses sebesar : 15.752 MT dengan total CPO Incoming ke INL sebanyak : 17.367 MT
B73: - Rata rata incoming CPO perhari 789 MT
A75: Prepared by, | D75: Checked by, | H75: Approved by,
A79: Triana Bayu Pramoedito | D79: Sudarianto | H79: Eben Jaya Ginting
A80: Process Engineer | D80: Manager Produksi | H80: Operation GM - Plant 1

Sheet Utility
D2: UTILITY (GAS, STEAM, WATER & POWER) REPORT
D3: PT. INDUSTRI NABATI LESTARI
D5: Periode 01 s/d 31 Juli 2024
D6: No | E6: Item | F6: Norma | G6: UoM | H6: Juli | K6: Consume CPO ( MT ) | L6: Remaks
H7: Budget | I7: Actual | J7: Percentage Act.
E9: Total Feed Raw Material CPO | K9: 15752
D10: 1. | E10: GAS CONSUMPTION
E11: Incoming *base on INL | G11: mmbtu | I11: ='Juli - 2024( Asli )'!AL216 -> 27875.59
E12: Incoming *base on Pertagas | F12: 1460.001 | G12: mmbtu | H12: ='[15]Planning Production Plant 1 (22'!$M$92 -> 28793.73 | I12: ='Juli - 2024( Asli )'!AL217 -> 26610.053 | J12: =I12/H12 -> 0.92416137 | K12: =I12/K9 -> 1.6893127 | O12: done
E13: Distribution to
E14: HP Boiler Refinery | G14: mmbtu | H14: ='[15]Planning Production Plant 1 (22'!$M$93 -> 4319.07 | I14: ='Juli - 2024( Asli )'!AL219 -> 4776.329 | J14: =I14/H14 -> 1.1058698 | K14: =I14/K9 -> 0.30322048
E15: MP Boiler | G15: mmbtu | H15: ='[15]Planning Production Plant 1 (22'!$M$94 -> 24474.66 | I15: ='Juli - 2024( Asli )'!AL220 -> 21833.724 | J15: =I15/H15 -> 0.89209509 | K15: =I15/K9 -> 1.3860922
E16: Total | G16: mmbtu | H16: =SUM(H14:H15) -> 28793.73 | I16: =I14+I15 -> 26610.053 | J16: =I16/H16 -> 0.92416137 | K16: =SUM(K14+K15) -> 1.6893127
D17: 2. | E17: STEAM CONSUMPTION
E18: Incoming | G18: Kg | H18: ='[15]Planning Production Plant 1 (22'!$M$97 -> 10080000 | I18: ='Juli - 2024( Asli )'!AL223 -> 4916977 | J18: =I18/H18 -> 0.48779534 | K18: =I18/$K$9 -> 312.14938
E19: Distribution to | K19: =I19/$K$9 -> 0
E20: Refinery | F20: < 90 | G20: Kg | H20: ='[15]Planning Production Plant 1 (22'!$M$98 -> 3780000 | I20: ='Juli - 2024( Asli )'!AL225 -> 3311110 | J20: =I20/H20 -> 0.87595503 | K20: =I20/$K$9 -> 210.20251
E21: Fractionation | F21: < 61 | G21: Kg | H21: ='[15]Planning Production Plant 1 (22'!$M$99 -> 2562000 | I21: ='Juli - 2024( Asli )'!AL226 -> 1238750 | J21: =I21/H21 -> 0.48350898 | K21: =I21/$K$9 -> 78.640808
E22: Others | F22: 106000 | G22: Kg | H22: ='[15]Planning Production Plant 1 (22'!$M$100 -> 3738000 | I22: ='Juli - 2024( Asli )'!AL227 -> 367117 | J22: =I22/H22 -> 0.098212146 | K22: =I22/$K$9 -> 23.306056
E23: Total | G23: Kg | H23: =SUM(H20:H22) -> 10080000 | I23: =SUM(I20:I22) -> 4916977 | J23: =I23/H23 -> 0.48779534 | K23: =I23/$K$9 -> 312.14938
D24: 3. | E24: WATER CONSUMPTION
E25: Incoming Raw Water | G25: m3 | H25: ='[15]Planning Production Plant 1 (22'!$M$102 -> 21136.71 | I25: ='Juli - 2024( Asli )'!AL230 -> 18760 | J25: =I25/H25 -> 0.88755535 | K25: =I25/$K$9 -> 1.1909599
E26: - Suplay To RO Product | H26: ='[15]Planning Production Plant 1 (22'!$M$105 -> 12259.8 | I26: ='Juli - 2024( Asli )'!AL234 -> 8167.3 | K26: =I26/$K$9 -> 0.51849289
E27: - Suplay To Proses dan Sanitary | H27: =SUM(H29:H31) -> 8876.91 | I27: =SUM(I29:I31) -> 10938.7 | K27: =I27/$K$9 -> 0.69443245
E28: Rincian Outgoing Proses | K28: =I28/$K$9 -> 0
E29: Softener Product (to Refinery) | F29: < 0,5 | G29: m3 | H29: ='[15]Planning Production Plant 1 (22'!$M$103 -> 1681.47 | I29: ='Juli - 2024( Asli )'!AL232 -> 3095 | J29: =I29/H29 -> 1.8406513 | K29: =I29/$K$9 -> 0.19648299
E30: Softener Product (to Fractionation) | F30: < 0,4 | G30: m3 | H30: ='[15]Planning Production Plant 1 (22'!$M$104 -> 2904.51 | I30: ='Juli - 2024( Asli )'!AL233 -> 1579 | J30: =I30/H30 -> 0.54363731 | K30: =I30/$K$9 -> 0.10024124
E31: Others | G31: m3 | H31: 4290.93 | I31: ='Juli - 2024( Asli )'!AL235 -> 6264.7 | J31: =I31/H31 -> 1.4599865 | K31: =I31/$K$9 -> 0.39770823
E32: Total | G32: m3 | H32: =SUM(H26:H27) -> 21136.71 | I32: =SUM(I26:I27) -> 19106 | J32: =I32/H32 -> 0.90392497 | K32: =I32/$K$9 -> 1.2129253
D33: 4 | E33: POWER CONSUMPTION
E34: Incoming
E35: PLN *base on BA Kinra | G35: Kwh | H35: 568099 | I35: ='Juli - 2024( Asli )'!AL239 -> 538900 | J35: =I35/H35 -> 0.94860227 | K35: =I35/$K$9 -> 34.211529
E36: Outgoing | K36: =I36/$K$9 -> 0
E37: - Physical Refinery Plant | F37: 5404.17 | G37: Kwh | H37: 102679 | I37: ='Juli - 2024( Asli )'!AL242 -> 69700 | J37: =I37/H37 -> 0.67881456 | K37: =I37/$K$9*1000 -> 4424.8349
E38: - Refinery - Cooling Water System | F38: 3850.42 | G38: Kwh | H38: 73158 | I38: ='Juli - 2024( Asli )'!AL243 -> 65890 | J38: =I38/H38 -> 0.90065338 | K38: =I38/$K$9*1000 -> 4182.9609
E39: - Refinery - Utilities | F39: 11.81 | G39: Kwh | H39: 212 | I39: ='Juli - 2024( Asli )'!AL248 -> 748.31 | J39: =I39/H39 -> 3.5297642 | K39: =I39/$K$9*1000 -> 47.505714
E40: - Dry Fractionation Plant | F40: 5759.67 | G40: Kwh | H40: 109440 | I40: ='Juli - 2024( Asli )'!AL245 -> 71800 | J40: =I40/H40 -> 0.65606725 | K40: =I40/$K$9*1000 -> 4558.1513
E41: - Dry Fractionation CW System | F41: 1308.96 | G41: Kwh | H41: 28747 | I41: ='Juli - 2024( Asli )'!AL246 -> 19517 | J41: =I41/H41 -> 0.67892302 | K41: =I41/$K$9*1000 -> 1239.0173
E42: - Lighting - Refinery & Dry Fractionation | F42: 241.12 | G42: Kwh | H42: 4581 | I42: ='Juli - 2024( Asli )'!AL249 -> 7628.8 | J42: =I42/H42 -> 1.6653133 | K42: =I42/$K$9*1000 -> 484.30675
D44: Note untuk Power Consumption
D45: Selisih antara incoming dan outgoing dikarenakan hal berikut :
D47: - Over pemakaian Gas dikarenakan running sesuai RKAP 19 hari namun plant running 22 hari
D50: Prepared by, | F50: Checked by, | K50: Approved by,
D54: Triana Bayu Pramoedito | F54: Sudarianto | K54: Eben Jaya Ginting
D55: Process Engineer | F55: Manager Produksi | K55: Operation GM - Plant 1

Sheet Qty cons analysis
D2: Quantity Utility Consumption Analysis (based on Guarantee Utility Consumption)
D3: Refinery & Fractionation Plant
D4: Periode 01 s/d 31 Juli 2024
D5: Consumption | E5: UoM | F5: Budget | G5: Actual | H5: Under (Over) Budget | I5: Explanation Under / Over budget
D6: CPO Consume | E6: Kg | F6: 36359000 | G6: ='Juli - 2024( Asli )'!AL9 -> 15752645 | H6: =G6/F6 -> 0.43325298
D7: RbdPO Consume | E7: Kg | F7: 34458000 | G7: ='Juli - 2024( Asli )'!AT19 -> 12278327 | H7: =G7/F7 -> 0.35632733
D8: TOTAL ACTUAL CONSUMPTION
D9: Refinery
D10: Bleaching Earth to Poram Spec | E10: Kg | F10: ='[15]Planning Production Plant 1 (22'!$M$78 -> 232361.57 | G10: ='Juli - 2024( Asli )'!AL56 -> 162476 | H10: =F10-G10 -> 69885.569 | L10: done
D11: Bleaching Earth to Branded Spec | E11: Kg | F11: ='[15]Planning Production Plant 1 (22'!$M$79 -> 131650.69 | G11: ='Juli - 2024( Asli )'!AL58 -> 0 | H11: =F11-G11 -> 131650.69
D12: Phosporic Acid | E12: Kg | F12: ='[15]Planning Production Plant 1 (22'!$M$83 -> 21815.474 | G12: ='Juli - 2024( Asli )'!AL60 -> 7823.782 | H12: =F12-G12 -> 13991.692
D13: Gas Consumption (MP Boiler) | E13: mmbtu | F13: ='[15]Planning Production Plant 1 (22'!$M$94 -> 24474.66 | G13: ='Juli - 2024( Asli )'!AL220+0.3 -> 21834.024 | H13: =F13-G13 -> 2640.636
D14: Gas Consumption (HP Boiler) | E14: mmbtu | F14: ='[15]Planning Production Plant 1 (22'!$M$93 -> 4319.07 | G14: ='Juli - 2024( Asli )'!AL219 -> 4776.329 | H14: =F14-G14 -> -457.25903
D15: Cooling Water top up to Cooling Tower | E15: m3 | F15: ='[15]Planning Production Plant 1 (22'!$M$103 -> 1681.47 | G15: ='Juli - 2024( Asli )'!AL232 -> 3095 | H15: =F15-G15 -> -1413.53
D16: Steam | E16: Kg | F16: ='[15]Planning Production Plant 1 (22'!$M$98 -> 3780000 | G16: ='Juli - 2024( Asli )'!AL225 -> 3311110 | H16: =F16-G16 -> 468890
D17: Power (Process Plant) | E17: Kwh | F17: ='[15]Planning Production Plant 1 (22'!$M$112 -> 113487.5 | G17: ='Juli - 2024( Asli )'!AL242 -> 69700 | H17: =F17-G17 -> 43787.5
D18: Power (Cooling Tower) | E18: Kwh | F18: ='[15]Planning Production Plant 1 (22'!$M$113 -> 80858.75 | G18: ='Juli - 2024( Asli )'!AL243 -> 65890 | H18: =F18-G18 -> 14968.75
D19: Fractionation
D20: Cooling Water top up to Cooling Tower | E20: m3 | F20: ='[15]Planning Production Plant 1 (22'!$M$104 -> 2904.51 | G20: ='Juli - 2024( Asli )'!AL233 -> 1579 | H20: =F20-G20 -> 1325.51
D21: Steam | E21: Kg | F21: ='[15]Planning Production Plant 1 (22'!$M$99 -> 2562000 | G21: ='Juli - 2024( Asli )'!AL226 -> 1238750 | H21: =F21-G21 -> 1323250
D22: Power (Process Plant) | E22: Kwh | F22: ='[15]Planning Production Plant 1 (22'!$M$115 -> 120960 | G22: ='Juli - 2024( Asli )'!AL245 -> 71800 | H22: =F22-G22 -> 49160
D23: Power (Cooling Tower) | E23: Kwh | F23: ='[15]Planning Production Plant 1 (22'!$M$116 -> 31773 | G23: ='Juli - 2024( Asli )'!AL246 -> 19517 | H23: =F23-G23 -> 12256
D24: ACTUAL CONSUMPTION PER MT RAW MATERIAL
D25: Refinery
D26: Bleaching Earth to Poram Spec | E26: Kg/MT | F26: 8 | G26: =(G10/$G$6)*1000 -> 10.314204 | H26: =F26-G26 -> -2.3142044
D27: Bleaching Earth to Branded Spec | E27: Kg/MT | F27: 16 | G27: =(G11/$G$6)*1000 -> 0 | H27: =F27-G27 -> 16
D28: Phosporic Acid | E28: Kg/MT | F28: 0.55 | G28: =(G12/$G$6)*1000 -> 0.49666466 | H28: =F28-G28 -> 0.053335345
D29: Gas Consumption (HP Boiler) | E29: Nm3/MT | F29: 4.2 | G29: =(G13/$G$6)*1000 -> 1.3860545 | H29: =F29-G29 -> 2.8139455
D30: Gas Consumption (HP Boiler) **) | E30: mmbtu/MT | F30: 0.147294 | G30: =(G14/$G$6)*1000 -> 0.30320807 | H30: =F30-G30 -> -0.15591407
D31: Cooling Water top up to Cooling Tower | E31: m3/MT | F31: 0.55 | G31: =(G15/$G$6)*1000 -> 0.19647494 | H31: =F31-G31 -> 0.35352506
D32: Steam | E32: Kg/MT | F32: 90 | G32: =(G16/$G$6)*1000 -> 210.19391 | H32: =F32-G32 -> -120.19391 | I32: Steam Refinery Over dikarenakan kapasitas tidak tercapai
D33: Power (Process Plant) | E33: Kwh/MT | F33: 3.6133333 | G33: =(G17/$G$6)*1000 -> 4.4246538 | H33: =F33-G33 -> -0.81132043 | I33: Power Over dikarenakan kapasitas tidak tercapai
D34: Power (Cooling Tower) | E34: Kwh/MT | F34: 2.1290444 | G34: =(G18/$G$6)*1000 -> 4.1827896 | H34: =F34-G34 -> -2.0537452
D35: Fractionation
D36: Cooling Water top up to Cooling Tower | E36: m3/MT | F36: 0.4 | G36: =(G20/$G$6)*1000 -> 0.10023713 | H36: =F36-G36 -> 0.29976287
D37: Steam | E37: Kg/MT | F37: 61 | G37: =(G21/$G$6)*1000 -> 78.637588 | H37: =F37-G37 -> -17.637588 | I37: Steam Over dikarenakan menggunakan 2 unit chiller
D38: Power (Process Plant) | E38: Kwh/MT | F38: 3.6996983 | G38: =(G22/$G$6)*1000 -> 4.5579647 | H38: =F38-G38 -> -0.8582664 | I38: Power Over dikarenakan kapasitas tidak tercapai
D39: Power (Cooling Tower) | E39: Kwh/MT | F39: 0.98466667 | G39: =(G23/$G$6)*1000 -> 1.2389665 | H39: =F39-G39 -> -0.25429987
D42: - BE Over dengan pemakaian consume Bleaching Earth 10,3 Kg/MT
D43: * Steam Refinery Over dikarenakan kapasitas tidak tercapai
D44: * Power Fractionation Over dikarenakan kapasitas tidak tercapai
D47: Prepared by, | G47: Checked by, | I47: Approved by,
D51: Triana Bayu Pramoedito | G51: Sudarianto | I51: Eben Jaya Ginting
D52: Process Engineer | G52: Manager Produksi | I52: Operation GM - Plant 1

Sheet Downtime Ref Juli
F2: DOWN TIME SLOW FLOWRATE PRODUCTION REFINERY
F4: Periode 01/31 Juli 2024
F5: TANGGAL | G5: CAPACITY (Kg) | H5: REMARKS | I5: Down time | M5: Tph
I6: Stop | J6: Slow | K6: % | AE6: 17 | AF6: 18 | AG6: 19 | AH6: 20 | AI6: 21 | AJ6: 22 | AK6: 23 | AL6: 24 | AM6: 25 | AN6: 26 | AO6: 27 | AP6: 28 | AQ6: 29 | AR6: 30 | AS6: 31
F7: 1 | G7: ='[1]01 '!$Q$14 -> 744924 | H7: Penyesuaian incoming CPO | J7: =(2200-(G7/1000))/91.7 -> 15.867786 | K7: =G7/2200/1000 -> 0.33860182 | M7: =(G7/1000)/24 -> 31.0385 | O7: =249.262+270.9 -> 520.162 | P7: =1356.367+39.742 -> 1396.109 | Q7: =1086.521+50.6 -> 1137.121 | R7: =1353.558+373.309 -> 1726.867 | S7: 1942.746 | T7: 1868.212 | U7: 2057.011 | V7: 1781.844 | W7: 1250.764 | X7: 1613.486 | Y7: 1325.077 | Z7: =66.442+571.568 -> 638.01 | AA7: =815.429 -> 815.429 | AB7: =352.234+731.627 -> 1083.861 | AC7: =1626.002+13.213 -> 1639.215 | AD7: 2094.791 | AE7: 2075.375 | AF7: 2008.804 | AG7: 1946.712 | AH7: 1998.939 | AI7: =1623.839+281.468 -> 1905.307 | AJ7: 1610.024 | AK7: =1135.181+98.368 -> 1233.549 | AL7: =958.893+543.852 -> 1502.745 | AM7: 2043.15 | AN7: 1762.642 | AO7: 2170.336 | AP7: =1181.38+463.711 -> 1645.091 | AQ7: 219.474 | AR7: =48.153+1225.968+107.3 -> 1381.421
F8: 2 | G8: ='[1]02'!$Q$14 -> 743972 | H8: Penyesuaian incoming CPO | J8: =(2200-(G8/1000))/91.7 -> 15.878168 | K8: =G8/2200/1000 -> 0.33816909 | M8: =(G8/1000)/24 -> 30.998833
F9: 3 | G9: ='[1]03'!$Q$14 -> 1048435 | H9: Penyesuaian incoming CPO | J9: =(2200-(G9/1000))/91.7 -> 12.557961 | K9: =G9/2200/1000 -> 0.47656136 | M9: =(G9/1000)/24 -> 43.684792
F10: 4 | G10: ='[1]04'!$Q$14 -> 1114821 | H10: Penyesuaian incoming CPO | J10: =(2200-(G10/1000))/91.7 -> 11.834013 | K10: =G10/2200/1000 -> 0.50673682 | M10: =(G10/1000)/24 -> 46.450875
F11: 5 | G11: ='[1]05'!$Q$14 -> 248126 | H11: Penyesuaian incoming CPO | J11: =(2200-(G11/1000))/91.7 -> 21.285431 | K11: =G11/2000/1000 -> 0.124063 | M11: =(G11/1000)/24 -> 10.338583
F12: 6 | G12: 501147 | H12: Penyesuaian incoming CPO | J12: =(2200-(G12/1000))/91.7 -> 18.526205 | K12: =G12/2200/1000 -> 0.22779409 | M12: =(G12/1000)/24 -> 20.881125
F13: 7 | G13: 104168 | H13: Penyesuaian incoming CPO | J13: =(2200-(G13/1000))/91.7 -> 22.855311 | K13: =G13/2200/1000 -> 0.047349091 | M13: =(G13/1000)/24 -> 4.3403333
F14: 8 | G14: 320907 | H14: Penyesuaian incoming CPO | J14: =(2200-(G14/1000))/91.7 -> 20.491745 | K14: =G14/2200/1000 -> 0.14586682 | M14: =(G14/1000)/24 -> 13.371125
F15: 9 | G15: 100743 | H15: Penyesuaian incoming CPO | J15: =(2200-(G15/1000))/91.7 -> 22.892661 | K15: =G15/2200/1000 -> 0.045792273 | M15: =(G15/1000)/24 -> 4.197625
F16: 10 | G16: 512647 | H16: Penyesuaian incoming CPO | J16: =(2200-(G16/1000))/91.7 -> 18.400796 | K16: =G16/2200/1000 -> 0.23302136 | M16: =(G16/1000)/24 -> 21.360292
F17: 11 | G17: 441064 | H17: Penyesuaian incoming CPO | J17: =(2200-(G17/1000))/91.7 -> 19.181418 | K17: =G17/2200/1000 -> 0.20048364 | M17: =(G17/1000)/24 -> 18.377667
F18: 12 | G18: 524002 | H18: Penyesuaian incoming CPO | J18: =(2200-(G18/1000))/91.7 -> 18.276968 | K18: =G18/2200/1000 -> 0.23818273 | M18: =(G18/1000)/24 -> 21.833417
F19: 13 | G19: ='[4]13'!$Q$13 -> 568358 | H19: Penyesuaian incoming CPO | J19: =(2200-(G19/1000))/91.7 -> 17.793261 | K19: =G19/2200/1000 -> 0.25834455 | M19: =(G19/1000)/24 -> 23.681583
F20: 14 | G20: 430750 | H20: Penyesuaian incoming CPO | J20: =(2200-(G20/1000))/91.7 -> 19.293893 | K20: =G20/2200/1000 -> 0.19579545 | M20: =(G20/1000)/24 -> 17.947917
F21: 15 | H21: STOP PLANT | J21: =(2200-(G21/1000))/91.7 -> 23.991276 | K21: =G21/2200/1000 -> 0 | M21: =(G21/1000)/24 -> 0
F22: 16 | H22: STOP PLANT | J22: =(2200-(G22/1000))/91.7 -> 23.991276 | K22: =G22/2200/1000 -> 0 | M22: =(G22/1000)/24 -> 0
F23: 17 | H23: STOP PLANT | J23: =(2200-(G23/1000))/91.7 -> 23.991276 | K23: =G23/2200/1000 -> 0 | M23: =(G23/1000)/24 -> 0
F24: 18 | H24: STOP PLANT | J24: =(2200-(G24/1000))/91.7 -> 23.991276 | K24: =G24/2200/1000 -> 0 | M24: =(G24/1000)/24 -> 0
F25: 19 | H25: STOP PLANT | J25: =(2200-(G25/1000))/91.7 -> 23.991276 | K25: =G25/2200/1000 -> 0 | M25: =(G25/1000)/24 -> 0
F26: 20 | H26: STOP PLANT | J26: =(2200-(G26/1000))/91.7 -> 23.991276 | K26: =G26/2200/1000 -> 0 | M26: =(G26/1000)/24 -> 0
F27: 21 | H27: STOP PLANT | J27: =(2200-(G27/1000))/91.7 -> 23.991276 | K27: =G27/2200/1000 -> 0 | M27: =(G27/1000)/24 -> 0
F28: 22 | H28: STOP PLANT | J28: =(2200-(G28/1000))/91.7 -> 23.991276 | K28: =G28/2200/1000 -> 0 | M28: =(G28/1000)/24 -> 0
F29: 23 | H29: STOP PLANT | J29: =(2200-(G29/1000))/91.7 -> 23.991276 | K29: =G29/2200/1000 -> 0 | M29: =(G29/1000)/24 -> 0
F30: 24 | G30: 29055 | H30: START UP | J30: =(2200-(G30/1000))/91.7 -> 23.674427 | K30: =G30/2200/1000 -> 0.013206818 | M30: =(G30/1000)/24 -> 1.210625
F31: 25 | G31: 1610698 | H31: Penyesuaian incoming CPO | J31: =(2200-(G31/1000))/91.7 -> 6.4264122 | K31: =G31/2200/1000 -> 0.73213545 | M31: =(G31/1000)/24 -> 67.112417
F32: 26 | G32: 1794490 | H32: Penyesuaian incoming CPO | J32: =(2200-(G32/1000))/91.7 -> 4.4221374 | K32: =G32/2200/1000 -> 0.81567727 | M32: =(G32/1000)/24 -> 74.770417
F33: 27 | G33: 1269615 | H33: Penyesuaian incoming CPO | J33: =(2200-(G33/1000))/91.7 -> 10.145965 | K33: =G33/2200/1000 -> 0.57709773 | M33: =(G33/1000)/24 -> 52.900625
F34: 28 | G34: 1184803 | H34: Penyesuaian incoming CPO | J34: =(2200-(G34/1000))/91.7 -> 11.070851 | K34: =G34/2200/1000 -> 0.53854682 | M34: =(G34/1000)/24 -> 49.366792
F35: 29 | G35: 1080189 | H35: Penyesuaian incoming CPO | J35: =(2200-(G35/1000))/91.7 -> 12.211679 | K35: =G35/2200/1000 -> 0.490995 | M35: =(G35/1000)/24 -> 45.007875
F36: 30 | G36: 715047 | H36: Penyesuaian incoming CPO | J36: =(2200-(G36/1000))/91.7 -> 16.193599 | K36: =G36/2200/1000 -> 0.32502136 | M36: =(G36/1000)/24 -> 29.793625
F37: 31 | G37: 665047 | H37: Penyesuaian incoming CPO | J37: =(2200-(G37/1000))/91.7 -> 16.738855 | K37: =G37/2200/1000 -> 0.30229409 | M37: =(G37/1000)/24 -> 27.710292
F38: TOTAL | G38: =SUM(G7:G37) -> 15753008 | I38: =SUM(I7:I37) -> 0 | J38: =SUM(J7:J37) -> 571.94103 | M38: =AVERAGE(M7:M37) -> 21.173398
G40: Summary
G41: 1. Slow flow rate due to Space Tank High | I41: 0 | J41: hours
G42: 2. Slow flow rate due to Olein IV 60 process | I42: 0 | J42: hours
G43: 3. Hold plant due to trip MP boiler & maintenance | I43: 0 | J43: hours
G44: 4. Penyesuaian incoming CPO | I44: =SUM(J7,J8,J9,J10,J11,J12,J13,J14,J15,J16,J17,J18,J19,J20,J31,J32,J33,J34,J35,J36,J37) -> 332.34511 | J44: hours
G45: 5. Downtime due to Start Up Plant | I45: =SUM(J30) -> 23.674427 | J45: hours
G46: 6. Running Normal Plant | I46: 0 | J46: hours
G47: 7. Stop Plant due to Preventive Maintenance Plant | I47: 0 | J47: hours
G48: 8. Energizing PMG II | I48: 0 | J48: hours
G49: 9. Zero Suplay Gas (Problem Pertagas) | I49: 0 | J49: hours
G50: 10, Stop Plant | I50: =SUM(J21,J22,J23,J24,J25,J26,J27,J28,J29) -> 215.92148 | J50: hours
G51: 11.HOLD CPO Shortage | I51: 0 | J51: hours
G52: Total | I52: =SUM(I41:I51) -> 571.94103 | J52: hours
G53: Note : Kapasitas 2200 TPD

Sheet Downtime Fract Juli
F2: DOWN TIME SLOW FLOWRATE PRODUCTION FRACTIONATION
F4: Periode 01/31 Juli 2024
F5: TANGGAL | G5: CAPACITY (Kg) | H5: REMARKS | I5: Down time | M5: Tph
I6: Stop | J6: Slow | K6: % | AE6: 17 | AF6: 18 | AG6: 19 | AH6: 20 | AI6: 21 | AJ6: 22 | AK6: 23 | AL6: 24 | AM6: 25 | AN6: 26 | AO6: 27 | AP6: 28 | AQ6: 29 | AR6: 30 | AS6: 31
F7: 1 | G7: 636794 | H7: Slow flow rate due to Olein IV 58 process | J7: =(2000-(G7/1000))/83.33 -> 16.359126 | K7: =G7/2000/1000 -> 0.318397 | M7: =(G7/1000)/24 -> 26.533083 | O7: =249.262+270.9 -> 520.162 | P7: =1356.367+39.742 -> 1396.109 | Q7: =1086.521+50.6 -> 1137.121 | R7: =1353.558+373.309 -> 1726.867 | S7: 1942.746 | T7: 1868.212 | U7: 2057.011 | V7: 1781.844 | W7: 1250.764 | X7: 1613.486 | Y7: 1325.077 | Z7: =66.442+571.568 -> 638.01 | AA7: =815.429 -> 815.429 | AB7: =352.234+731.627 -> 1083.861 | AC7: =1626.002+13.213 -> 1639.215 | AD7: 2094.791 | AE7: 2075.375 | AF7: 2008.804 | AG7: 1946.712 | AH7: 1998.939 | AI7: =1623.839+281.468 -> 1905.307 | AJ7: 1610.024 | AK7: =1135.181+98.368 -> 1233.549 | AL7: =958.893+543.852 -> 1502.745 | AM7: 2043.15 | AN7: 1762.642 | AO7: 2170.336 | AP7: =1181.38+463.711 -> 1645.091 | AQ7: 219.474 | AR7: =48.153+1225.968+107.3 -> 1381.421
F8: 2 | G8: 705632 | H8: Slow flow rate due to Olein IV 58 process | J8: =(2000-(G8/1000))/83.33 -> 15.533037 | K8: =G8/2000/1000 -> 0.352816 | M8: =(G8/1000)/24 -> 29.401333
F9: 3 | G9: 727663 | H9: Slow flow rate due to Olein IV 58 process | J9: =(2000-(G9/1000))/83.33 -> 15.268655 | K9: =G9/2000/1000 -> 0.3638315 | M9: =(G9/1000)/24 -> 30.319292
F10: 4 | G10: 1053776 | H10: Slow flow rate due to Olein IV 58 process | J10: =(2000-(G10/1000))/83.33 -> 11.355142 | K10: =G10/2000/1000 -> 0.526888 | M10: =(G10/1000)/24 -> 43.907333
F11: 5 | G11: 585552 | H11: Slow flow rate due to Olein IV 58 process | J11: =(2000-(G11/1000))/83.33 -> 16.974055 | K11: =G11/2000/1000 -> 0.292776 | M11: =(G11/1000)/24 -> 24.398
F12: 6 | G12: 632355 | H12: Slow flow rate due to Olein IV 58 process | J12: =(2000-(G12/1000))/83.33 -> 16.412396 | K12: =G12/2000/1000 -> 0.3161775 | M12: =(G12/1000)/24 -> 26.348125
F13: 7 | G13: 315146 | H13: Slow flow rate due to Olein IV 58 process | J13: =(2000-(G13/1000))/83.33 -> 20.219057 | K13: =G13/2000/1000 -> 0.157573 | M13: =(G13/1000)/24 -> 13.131083
F14: 8 | H14: STOP PLANT | J14: =(2000-(G14/1000))/83.33 -> 24.00096 | K14: =G14/2000/1000 -> 0 | M14: =(G14/1000)/24 -> 0
F15: 9 | G15: 392076 | H15: Slow flow rate due to Olein IV 58 process | J15: =(2000-(G15/1000))/83.33 -> 19.29586 | K15: =G15/2000/1000 -> 0.196038 | M15: =(G15/1000)/24 -> 16.3365
F16: 10 | H16: STOP PLANT | J16: =(2000-(G16/1000))/83.33 -> 24.00096 | K16: =G16/2000/1000 -> 0 | M16: =(G16/1000)/24 -> 0
F17: 11 | G17: 648324 | H17: Slow flow rate due to Olein IV 58 process | J17: =(2000-(G17/1000))/83.33 -> 16.220761 | K17: =G17/2000/1000 -> 0.324162 | M17: =(G17/1000)/24 -> 27.0135
F18: 12 | G18: 320475 | H18: Slow flow rate due to Olein IV 58 process | J18: =(2000-(G18/1000))/83.33 -> 20.155106 | K18: =G18/2000/1000 -> 0.1602375 | M18: =(G18/1000)/24 -> 13.353125
F19: 13 | G19: 328980 | H19: Slow flow rate due to Olein IV 58 process | J19: =(2000-(G19/1000))/83.33 -> 20.053042 | K19: =G19/2000/1000 -> 0.16449 | M19: =(G19/1000)/24 -> 13.7075
F20: 14 | G20: 619503 | H20: Slow flow rate due to Olein IV 58 process | J20: =(2000-(G20/1000))/83.33 -> 16.566627 | K20: =G20/2000/1000 -> 0.3097515 | M20: =(G20/1000)/24 -> 25.812625
F21: 15 | G21: 349683 | H21: Slow flow rate due to Olein IV 58 process | J21: =(2000-(G21/1000))/83.33 -> 19.804596 | K21: =G21/2000/1000 -> 0.1748415 | M21: =(G21/1000)/24 -> 14.570125
F22: 16 | H22: STOP PLANT | J22: =(2000-(G22/1000))/83.33 -> 24.00096 | K22: =G22/2000/1000 -> 0 | M22: =(G22/1000)/24 -> 0
F23: 17 | H23: STOP PLANT | J23: =(2000-(G23/1000))/83.33 -> 24.00096 | K23: =G23/2000/1000 -> 0 | M23: =(G23/1000)/24 -> 0
F24: 18 | H24: STOP PLANT | J24: =(2000-(G24/1000))/83.33 -> 24.00096 | K24: =G24/2000/1000 -> 0 | M24: =(G24/1000)/24 -> 0
F25: 19 | H25: STOP PLANT | J25: =(2000-(G25/1000))/83.33 -> 24.00096 | K25: =G25/2000/1000 -> 0 | M25: =(G25/1000)/24 -> 0
F26: 20 | H26: STOP PLANT | J26: =(2000-(G26/1000))/83.33 -> 24.00096 | K26: =G26/2000/1000 -> 0 | M26: =(G26/1000)/24 -> 0
F27: 21 | H27: STOP PLANT | J27: =(2000-(G27/1000))/83.33 -> 24.00096 | K27: =G27/2000/1000 -> 0 | M27: =(G27/1000)/24 -> 0
F28: 22 | H28: STOP PLANT | J28: =(2000-(G28/1000))/83.33 -> 24.00096 | K28: =G28/2000/1000 -> 0 | M28: =(G28/1000)/24 -> 0
F29: 23 | H29: STOP PLANT | J29: =(2000-(G29/1000))/83.33 -> 24.00096 | K29: =G29/2000/1000 -> 0 | M29: =(G29/1000)/24 -> 0
F30: 24 | H30: STOP PLANT | J30: =(2000-(G30/1000))/83.33 -> 24.00096 | K30: =G30/2000/1000 -> 0 | M30: =(G30/1000)/24 -> 0
F31: 25 | G31: 284037 | H31: Slow flow rate due to Olein IV 58 process | J31: =(2000-(G31/1000))/83.33 -> 20.59238 | K31: =G31/2000/1000 -> 0.1420185 | M31: =(G31/1000)/24 -> 11.834875
F32: 26 | G32: 696626 | H32: Slow flow rate due to Olein IV 58 process | J32: =(2000-(G32/1000))/83.33 -> 15.641114 | K32: =G32/2000/1000 -> 0.348313 | M32: =(G32/1000)/24 -> 29.026083
F33: 27 | G33: 691200 | H33: Slow flow rate due to Olein IV 58 process | J33: =(2000-(G33/1000))/83.33 -> 15.706228 | K33: =G33/2000/1000 -> 0.3456 | M33: =(G33/1000)/24 -> 28.8
F34: 28 | G34: 663200 | H34: Slow flow rate due to Olein IV 58 process | J34: =(2000-(G34/1000))/83.33 -> 16.042242 | K34: =G34/2000/1000 -> 0.3316 | M34: =(G34/1000)/24 -> 27.633333
F35: 29 | G35: 638187 | H35: Slow flow rate due to Olein IV 58 process | J35: =(2000-(G35/1000))/83.33 -> 16.34241 | K35: =G35/2000/1000 -> 0.3190935 | M35: =(G35/1000)/24 -> 26.591125
F36: 30 | G36: 914752 | H36: Slow flow rate due to Olein IV 58 process | J36: =(2000-(G36/1000))/83.33 -> 13.023497 | K36: =G36/2000/1000 -> 0.457376 | M36: =(G36/1000)/24 -> 38.114667
F37: 31 | G37: 913966 | H37: Slow flow rate due to Olein IV 58 process | J37: =(2000-(G37/1000))/83.33 -> 13.032929 | K37: =G37/2000/1000 -> 0.456983 | M37: =(G37/1000)/24 -> 38.081917
F38: TOTAL | G38: =SUM(G7:G37) -> 12117927 | I38: =SUM(I7:I37) -> 0 | J38: =SUM(J7:J37) -> 598.60882 | M38: =AVERAGE(M7:M37) -> 16.287536
G40: Summary
G41: 1. Slow flow rate due to Space Tank High | I41: 0 | J41: hours
G42: 2. Slow flow rate due to Olein IV 60 process | I42: 0 | J42: hours
G43: 3. Slow flow rate due to Olein IV 57 process | I43: 0 | J43: hours
G44: 4. Slow Flow rate terkait material sortage & menyesuaikan | I44: 0 | J44: hours
G45: 5. Downtime due to Start/Stop Up Plant | I45: 0 | J45: hours
G46: 6. Running Normal Plant | I46: 0 | J46: hours
G47: 7. Stop Plant due to Preventive Maintenance Plant | I47: 0 | J47: hours
G48: 8. Energizing PMG II | I48: 0 | J48: hours
G49: 9. Zero Suplay Gas (Problem Pertagas) | I49: 0 | J49: hours
G50: 10. Slow flow rate due to Olein IV 58 process | I50: =SUM(J7,J8,J9,J10,J11,J12,J13,J15,J17,J18,J19,J20,J21,J31,J32,J33,J34,J35,J36,J37) -> 334.59826 | J50: hours
G51: 11. STOP PLANT | I51: =SUM(J14,J16,J22,J23,J24,J25,J26,J27,J28,J29,J30) -> 264.01056 | J51: hours
G52: 12.Slow flow rate due to Olein IV 56 process | I52: 0
G53: Total | I53: =SUM(I41:I52) -> 598.60882 | J53: hours
G54: 8. Note : Kapasitas 2000 TPD

Sheet Convert Gas
B3: CONVERT PEMAKAIAN GAS HP BOILER & MP BOILER
D4: 2024
C5: HP BOILER | F5: TOTAL CORRECTED VOLUME (Sm3) | K5: ENERGY MP BOILER (MMBTU) | L5: TOTAL GAS CONSUMPTION (MMBTU) | M5: PERCENTAGE
C6: UNCORRECTED VOLUME (UV) (m3) | D6: PRESS. Bar | E6: CORRECTED VOLUME (CV) (Sm3) | G6: Convert Sm3 to SCF | H6: VOLUME (MSCF) | I6: HEATING VALUE (BTU / SCF) | J6: ENERGY HP BOILER (MMBTU) | M6: HP Boiler | N6: MP Boiler
C7: 1 | D7: 2 | E7: 3 = 1 x 2 | F7: 4 = 3 | G7: 5 | H7: 6 = (4 x 5) / 1000 | I7: 7 | J7: 8 = (6 x 7) / 1000 | K7: 9 = 10 - 8 | L7: 10 | M7: 11 = 8 / 10 | N7: 12 = 9 / 10
B8: 1 | C8: 808.5 | D8: 5 | E8: =C8*D8 -> 4042.5 | F8: =E8 -> 4042.5 | G8: 35.314667 | H8: =(F8*G8)/1000 -> 142.75954 | I8: 1068.9145 | J8: =(H8*I8)/1000 -> 152.59775 | K8: =L8-J8 -> -152.59775 | M8: =(J8/L8) -> #DIV/0! | N8: =K8/L8 -> #DIV/0!
B9: =B8+1 -> 2 | C9: 809.4 | D9: 5 | E9: =C9*D9 -> 4047 | F9: =E9 -> 4047 | G9: 35.314667 | H9: =(F9*G9)/1000 -> 142.91846 | I9: 1071.8955 | J9: =(H9*I9)/1000 -> 153.19365 | K9: =L9-J9 -> -153.19365 | M9: =(J9/L9) -> #DIV/0! | N9: =K9/L9 -> #DIV/0!
B10: =B9+1 -> 3 | C10: 818.5 | D10: 5 | E10: =C10*D10 -> 4092.5 | F10: =E10 -> 4092.5 | G10: 35.314667 | H10: =(F10*G10)/1000 -> 144.52527 | I10: 1071.5081 | J10: =(H10*I10)/1000 -> 154.86 | K10: =L10-J10 -> -154.86 | M10: =(J10/L10) -> #DIV/0! | N10: =K10/L10 -> #DIV/0!
B11: =B10+1 -> 4 | C11: 818 | D11: 5 | E11: =C11*D11 -> 4090 | F11: =E11 -> 4090 | G11: 35.314667 | H11: =(F11*G11)/1000 -> 144.43699 | I11: 1071.4912 | J11: =(H11*I11)/1000 -> 154.76296 | K11: =L11-J11 -> -154.76296 | M11: =(J11/L11) -> #DIV/0! | N11: =K11/L11 -> #DIV/0!
B12: =B11+1 -> 5 | C12: 491.9 | D12: 5 | E12: =C12*D12 -> 2459.5 | F12: =E12 -> 2459.5 | G12: 35.314667 | H12: =(F12*G12)/1000 -> 86.856423 | I12: 1067.7365 | J12: =(H12*I12)/1000 -> 92.739769 | K12: =L12-J12 -> -92.739769 | M12: =(J12/L12) -> #DIV/0! | N12: =K12/L12 -> #DIV/0!
B13: =B12+1 -> 6 | C13: 642.8 | D13: 5 | E13: =C13*D13 -> 3214 | F13: =E13 -> 3214 | G13: 35.314667 | H13: =(F13*G13)/1000 -> 113.50134 | I13: 1071.6184 | J13: =(H13*I13)/1000 -> 121.63012 | K13: =L13-J13 -> -121.63012 | M13: =(J13/L13) -> #DIV/0! | N13: =K13/L13 -> #DIV/0!
B14: =B13+1 -> 7 | C14: 240.8 | D14: 5 | E14: =C14*D14 -> 1204 | F14: =E14 -> 1204 | G14: 35.314667 | H14: =(F14*G14)/1000 -> 42.518859 | I14: 1062.7379 | J14: =(H14*I14)/1000 -> 45.186403 | K14: =L14-J14 -> -45.186403 | M14: =(J14/L14) -> #DIV/0! | N14: =K14/L14 -> #DIV/0!
B15: =B14+1 -> 8 | C15: 495.3 | D15: 5 | E15: =C15*D15 -> 2476.5 | F15: =E15 -> 2476.5 | G15: 35.314667 | H15: =(F15*G15)/1000 -> 87.456773 | I15: 1056.8323 | J15: =(H15*I15)/1000 -> 92.42714 | K15: =L15-J15 -> -92.42714 | M15: =(J15/L15) -> #DIV/0! | N15: =K15/L15 -> #DIV/0!
B16: =B15+1 -> 9 | C16: 356.5 | D16: 5 | E16: =C16*D16 -> 1782.5 | F16: =E16 -> 1782.5 | G16: 35.314667 | H16: =(F16*G16)/1000 -> 62.948394 | I16: 1059.6828 | J16: =(H16*I16)/1000 -> 66.705329 | K16: =L16-J16 -> -66.705329 | M16: =(J16/L16) -> #DIV/0! | N16: =K16/L16 -> #DIV/0!
B17: =B16+1 -> 10 | C17: 824 | D17: 5 | E17: =C17*D17 -> 4120 | F17: =E17 -> 4120 | G17: 35.314667 | H17: =(F17*G17)/1000 -> 145.49643 | I17: 1059.9646 | J17: =(H17*I17)/1000 -> 154.22106 | K17: =L17-J17 -> -154.22106 | M17: =(J17/L17) -> #DIV/0! | N17: =K17/L17 -> #DIV/0!
B18: =B17+1 -> 11 | C18: 845.1 | D18: 5 | E18: =C18*D18 -> 4225.5 | F18: =E18 -> 4225.5 | G18: 35.314667 | H18: =(F18*G18)/1000 -> 149.22213 | I18: 1058.8584 | J18: =(H18*I18)/1000 -> 158.0051 | K18: =L18-J18 -> -158.0051 | M18: =(J18/L18) -> #DIV/0! | N18: =K18/L18 -> #DIV/0!
B19: =B18+1 -> 12 | C19: 893.9 | D19: 5 | E19: =C19*D19 -> 4469.5 | F19: =E19 -> 4469.5 | G19: 35.314667 | H19: =(F19*G19)/1000 -> 157.8389 | I19: 1059.2817 | J19: =(H19*I19)/1000 -> 167.19587 | K19: =L19-J19 -> -167.19587 | M19: =(J19/L19) -> #DIV/0! | N19: =K19/L19 -> #DIV/0!
B20: =B19+1 -> 13 | C20: 995.5 | D20: 5 | E20: =C20*D20 -> 4977.5 | F20: =E20 -> 4977.5 | G20: 35.314667 | H20: =(F20*G20)/1000 -> 175.77875 | I20: 1060.5028 | J20: =(H20*I20)/1000 -> 186.41386 | K20: =L20-J20 -> -186.41386 | M20: =(J20/L20) -> #DIV/0! | N20: =K20/L20 -> #DIV/0!
... B23: =B22+1 -> 16 | C23: 0 | D23: 5 | E23: =C23*D23 -> 0 | F23: =E23 -> 0 | G23: 37.314667 | H23: =(F23*G23)/1000 -> 0 | I23: 1071.9508 | J23: =(H23*I23)/1000 -> 0 | K23: =L23-J23 -> 0 | M23: =(J23/L23) -> #DIV/0! | N23: =K23/L23 -> #DIV/0!
B24: =B23+1 -> 17 | D24: 5 | E24: =C24*D24 -> 0 | F24: =E24 -> 0 | G24: 38.314667 | H24: =(F24*G24)/1000 -> 0 | J24: =(H24*I24)/1000 -> 0 | K24: =L24-J24 -> 0 | M24: =(J24/L24) -> #DIV/0! | N24: =K24/L24 -> #DIV/0!
B25: =B24+1 -> 18 | D25: 5 | E25: =C25*D25 -> 0 | F25: =E25 -> 0 | G25: 39.314667 | H25: =(F25*G25)/1000 -> 0 | J25: =(H25*I25)/1000 -> 0 | K25: =L25-J25 -> 0 | M25: =(J25/L25) -> #DIV/0! | N25: =K25/L25 -> #DIV/0!
B26: =B25+1 -> 19 | D26: 5 | E26: =C26*D26 -> 0 | F26: =E26 -> 0 | G26: 40.314667 | H26: =(F26*G26)/1000 -> 0 | J26: =(H26*I26)/1000 -> 0 | K26: =L26-J26 -> 0 | M26: =(J26/L26) -> #DIV/0! | N26: =K26/L26 -> #DIV/0!
B27: =B26+1 -> 20 | D27: 5 | E27: =C27*D27 -> 0 | F27: =E27 -> 0 | G27: 41.314667 | H27: =(F27*G27)/1000 -> 0 | J27: =(H27*I27)/1000 -> 0 | K27: =L27-J27 -> 0 | M27: =(J27/L27) -> #DIV/0! | N27: =K27/L27 -> #DIV/0!
B28: =B27+1 -> 21 | D28: 5 | E28: =C28*D28 -> 0 | F28: =E28 -> 0 | G28: 42.314667 | H28: =(F28*G28)/1000 -> 0 | J28: =(H28*I28)/1000 -> 0 | K28: =L28-J28 -> 0 | M28: =(J28/L28) -> #DIV/0! | N28: =K28/L28 -> #DIV/0!
B29: =B28+1 -> 22 | D29: 5 | E29: =C29*D29 -> 0 | F29: =E29 -> 0 | G29: 43.314667 | H29: =(F29*G29)/1000 -> 0 | J29: =(H29*I29)/1000 -> 0 | K29: =L29-J29 -> 0 | M29: =(J29/L29) -> #DIV/0! | N29: =K29/L29 -> #DIV/0!
B30: =B29+1 -> 23 | C30: 33.6 | D30: 5 | E30: =C30*D30 -> 168 | F30: =E30 -> 168 | G30: 44.314667 | H30: =(F30*G30)/1000 -> 7.4448641 | I30: 1045.8136 | J30: =(H30*I30)/1000 -> 7.78594 | K30: =L30-J30 -> -7.78594 | M30: =(J30/L30) -> #DIV/0! | N30: =K30/L30 -> #DIV/0!
B31: =B30+1 -> 24 | C31: 882.4 | D31: 5 | E31: =C31*D31 -> 4412 | F31: =E31 -> 4412 | G31: 45.314667 | H31: =(F31*G31)/1000 -> 199.92831 | I31: 1047.6865 | J31: =(H31*I31)/1000 -> 209.4622 | K31: =L31-J31 -> -209.4622 | M31: =(J31/L31) -> #DIV/0! | N31: =K31/L31 -> #DIV/0!
B32: =B31+1 -> 25 | C32: 1356.9 | D32: 5 | E32: =C32*D32 -> 6784.5 | F32: =E32 -> 6784.5 | G32: 46.314667 | H32: =(F32*G32)/1000 -> 314.22186 | I32: 1047.4749 | J32: =(H32*I32)/1000 -> 329.13952 | K32: =L32-J32 -> -329.13952 | M32: =(J32/L32) -> #DIV/0! | N32: =K32/L32 -> #DIV/0!
B33: =B32+1 -> 26 | C33: 1476.9 | D33: 5 | E33: =C33*D33 -> 7384.5 | F33: =E33 -> 7384.5 | G33: 47.314667 | H33: =(F33*G33)/1000 -> 349.39516 | I33: 1047.7938 | J33: =(H33*I33)/1000 -> 366.09409 | K33: =L33-J33 -> -366.09409 | M33: =(J33/L33) -> #DIV/0! | N33: =K33/L33 -> #DIV/0!
B34: =B33+1 -> 27 | C34: 1468.2 | D34: 5 | E34: =C34*D34 -> 7341 | F34: =E34 -> 7341 | G34: 48.314667 | H34: =(F34*G34)/1000 -> 354.67797 | I34: 1070.2826 | J34: =(H34*I34)/1000 -> 379.60566 | K34: =L34-J34 -> -379.60566 | M34: =(J34/L34) -> #DIV/0! | N34: =K34/L34 -> #DIV/0!
B35: =B34+1 -> 28 | C35: 1426.4 | D35: 5 | E35: =C35*D35 -> 7132 | F35: =E35 -> 7132 | G35: 49.314667 | H35: =(F35*G35)/1000 -> 351.71221 | I35: 1076.6722 | J35: =(H35*I35)/1000 -> 378.67877 | K35: =L35-J35 -> -378.67877 | M35: =(J35/L35) -> #DIV/0! | N35: =K35/L35 -> #DIV/0!
B36: =B35+1 -> 29 | C36: 1433.2 | D36: 5 | E36: =C36*D36 -> 7166 | F36: =E36 -> 7166 | G36: 50.314667 | H36: =(F36*G36)/1000 -> 360.5549 | I36: 1057.8427 | J36: =(H36*I36)/1000 -> 381.41035 | K36: =L36-J36 -> -381.41035 | M36: =(J36/L36) -> #DIV/0! | N36: =K36/L36 -> #DIV/0!
B37: =B36+1 -> 30 | C37: 1402.1 | D37: 5 | E37: =C37*D37 -> 7010.5 | F37: =E37 -> 7010.5 | G37: 51.314667 | H37: =(F37*G37)/1000 -> 359.74147 | I37: 1059.2413 | J37: =(H37*I37)/1000 -> 381.05304 | K37: =L37-J37 -> -381.05304 | M37: =(J37/L37) -> #DIV/0! | N37: =K37/L37 -> #DIV/0!
B38: =B37+1 -> 31 | C38: 1349.9 | D38: 5 | E38: =C38*D38 -> 6749.5 | F38: =E38 -> 6749.5 | G38: 52.314667 | H38: =(F38*G38)/1000 -> 353.09784 | I38: 1062.2135 | J38: =(H38*I38)/1000 -> 375.0653 | K38: =L38-J38 -> -375.0653 | M38: =(J38/L38) -> #DIV/0! | N38: =K38/L38 -> #DIV/0!
B39: Average | F39: =AVERAGE(F8:F38) -> 3374.0323 | H39: =AVERAGE(H8:H38) -> 143.06183 | I39: =AVERAGE(I8:I38) -> 1065.9013 | J39: =AVERAGE(J8:J38) -> 152.15299 | K39: =AVERAGE(K8:K38) -> -152.15299 | L39: =AVERAGE(L8:L38) -> #DIV/0! | M39: =AVERAGE(M8:M38) -> #DIV/0! | N39: =AVERAGE(N8:N38) -> #DIV/0!
B40: TOTAL | C40: =SUM(C8:C38) -> 20919 | E40: =SUM(E8:E38) -> 104595 | F40: =SUM(F8:F38) -> 104595 | H40: =SUM(H8:H38) -> 4434.9166 | J40: =SUM(J8:J38) -> 4716.7426
B41: Koreksi
B42: Total Setelah Koreksi | H42: =H40+H41 -> 4434.9166 | J42: =J40+J41 -> 4716.7426
C44: CONVERT HP Boiler from Utility
C45: =C40 -> 20919 | D45: m3 | F45: =C40*5 -> 104595 | G45: 9983.7
C46: 5 | D46: bar | F46: 21286.9 | G46: =G45-C40 -> -10935.3
C47: =C45*C46 -> 104595 | D47: Sm3 | F47: =F45/F46 -> 4.9135854
C48: =G38 -> 52.314667 | D48: Scf
C49: =(C47*C48)/1000 -> 5471.8526 | D49: Volume (MSCF)
C50: =I39 -> 1065.9013 | D50: Heating Value
C51: =(C49*C50)/1000 -> 5832.4549 | D51: Energy (mmbtu)

Sheet OIP Refinery
B2: Oil In Plant Refinery
B4: No | C4: Tanggal | D4: Opening Stock | E4: Closing Stock | F4: stok oil
B5: 1 | C5: 01 Juli 2024 | D5: 264280 | E5: 274989 | F5: =D5-E5 -> -10709
B6: 2 | C6: 02 Juli 2024 | D6: =E5 -> 274989 | E6: 263630 | F6: =D6-E6 -> 11359
B7: 3 | C7: 03 Juli 2024 | D7: =E6 -> 263630 | E7: 261750 | F7: =D7-E7 -> 1880
B8: 4 | C8: 04 Juli 2024 | D8: =E7 -> 261750 | E8: 269951 | F8: =D8-E8 -> -8201
B9: 5 | C9: 05 Juli 2024 | D9: =E8 -> 269951 | E9: 274444 | F9: =D9-E9 -> -4493
B10: 6 | C10: 06 Juli 2024 | D10: =E9 -> 274444 | E10: 264393 | F10: =D10-E10 -> 10051
B11: 7 | C11: 07 Juli 2024 | D11: =E10 -> 264393 | E11: 222055 | F11: =D11-E11 -> 42338
B12: 8 | C12: 08 Juli 2024 | D12: =E11 -> 222055 | E12: 283330 | F12: =D12-E12 -> -61275
B13: 9 | C13: 09 Juli 2024 | D13: =E12 -> 283330 | E13: 264351 | F13: =D13-E13 -> 18979
B14: 10 | C14: 10 Juli 2024 | D14: =E13 -> 264351 | E14: 269515 | F14: =D14-E14 -> -5164
B15: 11 | C15: 11 Juli 2024 | D15: =E14 -> 269515 | E15: 264790 | F15: =D15-E15 -> 4725
B16: 12 | C16: 12 Juli 2024 | D16: =E15 -> 264790 | E16: 259900 | F16: =D16-E16 -> 4890
B17: 13 | C17: 13 Juli 2024 | D17: =E16 -> 259900 | E17: 262151 | F17: =D17-E17 -> -2251
... B36: 32 | C36: 1 agustus 2024 | D36: =E35 -> 268536 | E36: 278115 | F36: =D36-E36 -> -9579

Sheet OIP Fraksinasi
B2: Oil In Plant Fraksinasi
B4: No | C4: Tanggal | D4: Opening Stock | E4: Closing Stock | F4: stok minyak
B5: 1 | C5: 01 Juli 2024 | D5: 385870 | E5: 311350 | F5: =D5-E5 -> 74520
B6: 2 | C6: 02 Juli 2024 | D6: =E5 -> 311350 | E6: 371010 | F6: =D6-E6 -> -59660
B7: 3 | C7: 03 Juli 2024 | D7: =E6 -> 371010 | E7: 368180 | F7: =D7-E7 -> 2830
B8: 4 | C8: 04 Juli 2024 | D8: =E7 -> 368180 | E8: 355870 | F8: =D8-E8 -> 12310
B9: 5 | C9: 05 Juli 2024 | D9: =E8 -> 355870 | E9: 148500 | F9: =D9-E9 -> 207370
B10: 6 | C10: 06 Juli 2024 | D10: =E9 -> 148500 | E10: 164900 | F10: =D10-E10 -> -16400
B11: 7 | C11: 07 Juli 2024 | D11: =E10 -> 164900 | E11: 25220 | F11: =D11-E11 -> 139680
B12: 8 | C12: 08 Juli 2024 | D12: =E11 -> 25220 | E12: 189950 | F12: =D12-E12 -> -164730
B13: 9 | C13: 09 Juli 2024 | D13: =E12 -> 189950 | E13: 25270 | F13: =D13-E13 -> 164680
B14: 10 | C14: 10 Juli 2024 | D14: =E13 -> 25270 | E14: 300810 | F14: =D14-E14 -> -275540
B15: 11 | C15: 11 Juli 2024 | D15: =E14 -> 300810 | E15: 88180 | F15: =D15-E15 -> 212630
B16: 12 | C16: 12 Juli 2024 | D16: =E15 -> 88180 | E16: 25130 | F16: =D16-E16 -> 63050
B17: 13 | C17: 13 Juli 2024 | D17: =E16 -> 25130 | E17: 244910 | F17: =D17-E17 -> -219780
... B20: 16 | C20: 16 Juli 2024 | D20: =E19 -> 25530 | E20: 0 | F20: =D20-E20 -> 25530
B21: 17 | C21: 17 Juli 2024 | D21: =E20 -> 0 | F21: =D21-E21 -> 0
B22: 18 | C22: 18 Juli 2024 | D22: =E21 -> 0 | F22: =D22-E22 -> 0
B23: 19 | C23: 19 Juli 2024 | D23: =E22 -> 0 | F23: =D23-E23 -> 0
B24: 20 | C24: 20 Juli 2024 | D24: =E23 -> 0 | F24: =D24-E24 -> 0
B25: 21 | C25: 21 Juli 2024 | D25: =E24 -> 0 | F25: =D25-E25 -> 0
B26: 22 | C26: 22 Juli 2024 | D26: =E25 -> 0 | F26: =D26-E26 -> 0
B27: 23 | C27: 23 Juli 2024 | D27: =E26 -> 0 | F27: =D27-E27 -> 0
B28: 24 | C28: 24 Juli 2024 | D28: =E27 -> 0 | E28: 190200 | F28: =D28-E28 -> -190200
B29: 25 | C29: 25 Juli 2024 | D29: =E28 -> 190200 | E29: 322290 | F29: =D29-E29 -> -132090
B30: 26 | C30: 26 Juli 2024 | D30: =E29 -> 322290 | E30: 202700 | F30: =D30-E30 -> 119590
B31: 27 | C31: 27 Juli 2024 | D31: =E30 -> 202700 | E31: 487530 | F31: =D31-E31 -> -284830
B32: 28 | C32: 28 Juli 2024 | D32: =E31 -> 487530 | E32: 467300 | F32: =D32-E32 -> 20230
B33: 29 | C33: 29 Juli 2024 | D33: =E32 -> 467300 | E33: 466700 | F33: =D33-E33 -> 600
B34: 30 | C34: 30 Juli 2024 | D34: =E33 -> 466700 | E34: 569890 | F34: =D34-E34 -> -103190
B35: 31 | C35: 31 Juli 2024 | D35: =E34 -> 569890 | E35: 657010 | F35: =D35-E35 -> -87120
B36: 32 | C36: 01 Agustus 2024 | D36: =E35 -> 657010 | E36: 410200 | F36: =D36-E36 -> 246810

Sheet Direct Refinery To Fract 
A2: Direct Refinery To Fract Juli 2024
A4: No | B4: Tanggal | C4: Quantity | D4: Remark
A5: 1 | B5: 01 Juli 2024
A6: 2 | B6: 02 Juli 2024
A7: 3 | B7: 03 Juli 2024
A8: 4 | B8: 04 Juli 2024
A9: 5 | B9: 05 Juli 2024
A10: 6 | B10: 06 Juli 2024
A11: 7 | B11: 07 Juli 2024
A12: 8 | B12: 08 Juli 2024
A13: 9 | B13: 09 Juli 2024
A14: 10 | B14: 10 Juli 2024
A15: 11 | B15: 11 Juli 2024
A16: 12 | B16: 12 Juli 2024
... A28: 24 | B28: 24 Juli 2024
A29: 25 | B29: 25 Juli 2024 | C29: 97800
A30: 26 | B30: 26 Juli 2024
A31: 27 | B31: 27 Juli 2024
A32: 28 | B32: 28 Juli 2024
A33: 29 | B33: 29 Juli 2024
A34: 30 | B34: 30 Juli 2024
A35: 31 | B35: 31 Juli 2024

Sheet Flow Meter
A2: TOTAL TONASE FLOWMETER PRODUK
A3: REFINERY
A5: TANGGAL VALIDASI
A6: NO | B6: NAMA PRODUK | C6: 01 Juli | D6: 02 Juli | E6: 03 Juli | F6: 04 Juli | G6: 05 Juli | H6: 06 Juli | I6: 07 Juli | J6: 08 Juli | K6: 09 Juli | L6: 10 Juli | M6: 11 Juli | N6: 12 Juli | O6: 13 Juli | P6: 14 Juli | Q6: 15 Juli | R6: TOTAL | S6: Sounding | T6: Yield Theory | U6: Yield Aktual
A7: 1 | B7: CPO | C7: ='[5]01 '!$Q$14 -> 744924 | D7: ='[5]02'!$Q$14 -> 743972 | E7: ='[5]03'!$Q$14 -> 1048435 | F7: ='[5]04'!$Q$14 -> 1114821 | G7: 248126 | H7: 389481 | I7: 104168 | J7: 320907 | K7: 100743 | L7: 512647 | M7: 441064 | N7: 524002 | O7: 568358 | P7: 430750 | R7: =SUM(C7:Q7) -> 7292398
A8: 2 | B8: RBDPO | C8: 713300 | D8: 708000 | E8: 993100 | F8: 1056000 | G8: 237021 | H8: 365100 | I8: 44001 | J8: 300010 | K8: 94507 | L8: 488153 | M8: 414337 | N8: 492952 | O8: 532902 | P8: 497845 | R8: =SUM(C8:Q8) -> 6937228 | T8: =R8/R7 -> 0.95129586 | U8: =S8/S7 -> #DIV/0! | W8: =4984655+#REF! -> #REF!
A9: 3 | B9: PFAD | C9: ='[5]01 '!$P$25 -> 25659 | D9: 28786 | E9: ='[5]03'!$P$25 -> 46938 | F9: ='[5]04'!$P$24 -> 48667 | G9: 8070 | H9: 19280 | I9: 3234 | J9: 18283 | K9: 5131 | L9: 20426 | M9: 23275 | N9: 27655 | O9: 25803 | P9: 20173 | R9: =SUM(C9:Q9) -> 321380 | T9: =R9/R7 -> 0.044070551 | U9: =S9/S7 -> #DIV/0!
C10: =C8/C7 -> 0.95754735 | D10: =D8/D7 -> 0.95164872 | E10: =E8/E7 -> 0.94722133 | F10: =F8/F7 -> 0.94723727 | G10: =G8/G7 -> 0.95524451 | H10: =H8/H7 -> 0.93740131 | I10: =I8/I7 -> 0.42240419 | J10: =J8/J7 -> 0.93488145 | ... P10: =P8/P7 -> 1.1557632
C11: =C9/C7*1 -> 0.034445125 | D11: =D9/D7*1 -> 0.038692316 | E11: =E9/E7*1 -> 0.044769585 | F11: =F9/F7*1 -> 0.043654542 | G11: =G9/G7*1 -> 0.032523798 | H11: =H9/H7*1 -> 0.049501773 | I11: =I9/I7*1 -> 0.031046003 | J11: =J9/J7*1 -> 0.056972892 | ... P11: =P9/P7*1 -> 0.046832269
B12: LOSIS | C12: =(C7-C8-C9)/C7 -> 0.0080075283 | D12: =(D7-D8-D9)/D7 -> 0.0096589657 | E12: =(E7-E8-E9)/E7 -> 0.0080090802 | F12: =(F7-F8-F9)/F7 -> 0.0091081887 | G12: =(G7-G8-G9)/G7 -> 0.012231689 | H12: =(H7-H8-H9)/H7 -> 0.013096916 | I12: =(I7-I8-I9)/I7 -> 0.5465498 | J12: =(J7-J8-J9)/J7 -> 0.0081456621 | ... P12: =(P7-P8-P9)/P7 -> -0.20259547
A14: TANGGAL flow meter
A15: NO | B15: NAMA PRODUK | C15: 01 Juli | D15: 02 Juli | E15: 03 Juli | F15: 04 Juli | G15: 05 Juli | H15: 06 Juli | I15: 07 Juli | J15: 08 Juli | K15: 09 Juli | L15: 10 Juli | M15: 11 Juli | N15: 12 Juli | O15: 13 Juli | P15: 14 Juli | Q15: 15 Juli | R15: TOTAL | S15: Sounding | T15: Yield Theory | U15: Yield Aktual
A16: 1 | B16: CPO | C16: 680800 | D16: 806400 | E16: 858600 | F16: 898100 | G16: 26100 | H16: 513200 | I16: 119200 | J16: 208900 | K16: 147700 | L16: 425800 | M16: 347900 | N16: 459100 | O16: 509200 | P16: 396700 | Q16: 20200 | R16: =SUM(C16:Q16) -> 6417900 | S16: =5745000+14073+R19 -> 7292813
A17: 2 | B17: RBDPO | C17: 722400 | D17: 826700 | E17: 980700 | F17: 980600 | G17: 19900 | H17: 582000 | I17: 150500 | J17: 215300 | K17: 70837 | L17: 488153 | M17: 379337 | N17: 502200 | O17: 535800 | P17: 412600 | Q17: 92100 | R17: =SUM(C17:Q17) -> 6959127 | S17: =SUM(C17:M17)+R20 -> 6940126 | T17: =R17/R16 -> 1.0843309 | U17: =S17/S16 -> 0.9516391 | W17: =4984655+R20 -> 6508354
A18: 3 | B18: PFAD | C18: 37300 | D18: 38700 | E18: 49500 | F18: 47100 | G18: 3800 | H18: 30300 | I18: 9300 | J18: 14000 | K18: 14800 | L18: 25100 | M18: 23400 | N18: 23900 | O18: 26800 | P18: 22200 | Q18: 5900 | R18: =SUM(C18:Q18) -> 372100 | S18: =248746+R21 -> 322377 | T18: =R18/R16 -> 0.057978466 | U18: =S18/S16 -> 0.044204753
C19: =C17/C16 -> 1.0611046 | D19: =D17/D16 -> 1.0251736 | E19: =E17/E16 -> 1.1422082 | F19: =F17/F16 -> 1.0918606 | G19: =G17/G16 -> 0.76245211 | H19: =H17/H16 -> 1.1340608 | I19: =I17/I16 -> 1.2625839 | J19: =J17/J16 -> 1.0306367 | K19: =K17/K16 -> 0.47960054 | L19: 269515 | M19: CPO | N19: 534002 | O19: 568773 | P19: 430750 | Q19: 269300 | R19: =L19+N19+O19+P19-Q19 -> 1533740 | U19: =100%-U17-U18 -> 0.0041561466 | V19: Losses
M20: RBDPO | N20: 492952 | O20: 532902 | P20: 497845 | R20: =SUM(N20:P20) -> 1523699
N21: 27655 | O21: 25803 | P21: 20173 | R21: =SUM(N21:P21) -> 73631
B22: Nb : | C22: 1. 5.745.000 adalaha angka consume CPO tanggal 1 - 11 ( Opening Stock + Incoming - Closing tanggal 11 )
C23: 2. 14.073 ( Beda Pembacaan antara sounding dan timbangan )
C24: 3. 1.533.740 adalah angka sounding CPO 12, 13, 14
A25: FRAKSINASI
A26: TANGGAL
A27: NO | B27: NAMA PRODUK | C27: 01 Juli | D27: 02 Juli | E27: 03 Juli | F27: 04 Juli | G27: 05 Juli | H27: 06 Juli | I27: 07 Juli | J27: 08 Juli | K27: 09 Juli | L27: 10 Juli | M27: 11 Juli | N27: 12 Juli | O27: 13 Juli | P27: 14 Juli | Q27: 15 Juli | R27: TOTAL | S27: Sounding | T27: Yield
A28: 1 | B28: RBDPO | C28: 667300 | D28: 695000 | E28: 814100 | F28: 760000 | G28: 620300 | H28: 587100 | I28: 118500 | J28: 0 | K28: 253000 | L28: 0 | M28: 466900 | N28: 258400 | O28: 584400 | P28: 680200 | R28: =SUM(C28:Q28) -> 6505200
A29: 2 | B29: OLEIN IV 58 | C29: 518400 | D29: 487200 | E29: 539100 | F29: 571900 | G29: 554300 | H29: 449900 | I29: 209900 | J29: 0 | K29: 297100 | L29: 0 | M29: 472500 | N29: 207400 | O29: 239100 | P29: 414100 | R29: =SUM(C29:Q29) -> 4960900
A30: 3 | B30: STEARIN | C30: 207500 | D30: 202900 | E30: 215500 | F30: =27400+151100+55600 -> 234100 | G30: 213300 | H30: 183700 | I30: 104800 | J30: 0 | K30: 93900 | L30: 0 | M30: 172400 | N30: 111100 | O30: 81200 | P30: 193200 | R30: =SUM(C30:Q30) -> 2013600
O32: STOCK OPNAME | R32: =1311190 -> 1311190
O33: TOTAL TERIMA 1- 11 TIMBANGAN | R33: 3865830
O34: PIPANISASI DAN GK 1 - 11 | R34: 1888995
O35: STOCK AKHIR OPNAME 11 JULI | R35: 1320540.6
R36: =R32+R33+R34-R35 -> 5745474.4
O38: STOCK OPNAME 1 JULI | R38: 178489.22
O39: TOTAL FLOW METER 11 | R39: =SUM(C28:M28) -> 4982200
O40: STOCK AKHIR OPNAME 11 JULI
