Workbook

Sheet Prod-in MT
B2: YEARLY PRODUCTION SUMMARY -TAHUN 2021
B5: in MT | F5: 2021 | S5: Grand Total
B6: ACTUAL PRODUCTION | F6: 31 | G6: 18 | H6: 31 | I6: 30 | J6: 31 | K6: 30 | L6: 31 | M6: 31 | N6: 30 | O6: 31 | P6: 30 | Q6: 20 | S6: =SUM(F6:Q6) -> 344
B7: Product | D7: Budget | E7: Actual | F7: Januari | G7: Februari | H7: Maret | I7: April | J7: Mei | K7: Juni | L7: Juli | M7: Agustus | N7: September | O7: Oktober | P7: November | Q7: Desember
B8: Total CPO & COL Consume | D8: 1 | E8: 1 | F8: =SUM(F9:F10) -> 43483.127 | G8: =SUM(G9:G10) -> 29035.67 | H8: =SUM(H9:H10) -> 51822.527 | I8: =SUM(I9:I10) -> 45758.36 | J8: =SUM(J9:J10) -> 48290.547 | K8: =SUM(K9:K10) -> 49740.939 | L8: =SUM(L9:L10) -> 48669.136 | M8: =SUM(M9:M10) -> 54214.019 | ... Q8: =SUM(Q9:Q10) -> 29768.361 | S8: =SUM(F8:Q8) -> 555758.88
B9: - CPO Consume | F9: ='Prod -in Kg'!F9/1000 -> 41605.447 | G9: ='Prod -in Kg'!G9/1000 -> 28905.898 | H9: ='Prod -in Kg'!H9/1000 -> 51487.425 | I9: ='Prod -in Kg'!I9/1000 -> 45758.36 | J9: ='Prod -in Kg'!J9/1000 -> 48290.547 | K9: ='Prod -in Kg'!K9/1000 -> 49740.939 | L9: ='Prod -in Kg'!L9/1000 -> 48669.136 | M9: ='Prod -in Kg'!M9/1000 -> 54214.019 | ... Q9: ='Prod -in Kg'!Q9/1000 -> 29768.361 | S9: =SUM(F9:Q9) -> 553416.32
B10: - COL Consume | F10: ='Prod -in Kg'!F10/1000 -> 1877.68 | G10: ='Prod -in Kg'!G10/1000 -> 129.77167 | H10: ='Prod -in Kg'!H10/1000 -> 335.102 | I10: ='Prod -in Kg'!I10/1000 -> 0 | J10: ='Prod -in Kg'!J10/1000 -> 0 | K10: ='Prod -in Kg'!K10/1000 -> 0 | L10: ='Prod -in Kg'!L10/1000 -> 0 | M10: ='Prod -in Kg'!M10/1000 -> 0 | ... Q10: ='Prod -in Kg'!Q10/1000 -> 0 | S10: =SUM(F10:Q10) -> 2342.5537
B12: Total RBDPO Refinery
B13: - Poram & Branded Spec | D13: 0.942 | E13: =S13/S8 -> 0.94832594 | F13: ='Prod -in Kg'!F12/1000 -> 40859 | G13: ='Prod -in Kg'!G12/1000 -> 27410.3 | H13: ='Prod -in Kg'!H12/1000 -> 49037.21 | I13: ='Prod -in Kg'!I12/1000 -> 43431.9 | J13: ='Prod -in Kg'!J12/1000 -> 45808.5 | K13: ='Prod -in Kg'!K12/1000 -> 47176.2 | L13: ='Prod -in Kg'!L12/1000 -> 46057.6 | M13: ='Prod -in Kg'!M12/1000 -> 51529.3 | ... Q13: ='Prod -in Kg'!Q12/1000 -> 28253.65 | S13: =SUM(F13:Q13) -> 527040.56
B15: Total RBDPO Consume to Fractionation
B16: - Poram Spec (IV 56) | F16: =SUM(F21,F26) -> 33037.204 | G16: =SUM(G21,G26) -> 23726.091 | H16: =SUM(H21,H26) -> 42518.062 | I16: =SUM(I21,I26) -> 38051.968 | J16: =SUM(J21,J26) -> 31497.784 | K16: =SUM(K21,K26) -> 40664.074 | L16: =SUM(L21,L26) -> 40068.635 | M16: =SUM(M21,M26) -> 45890.756 | ... Q16: =SUM(Q21,Q26) -> 12603.528 | S16: =SUM(F16:Q16) -> 423755.71
B17: - Branded Spec (IV 58) | F17: =SUM(F22,F27) -> 0 | G17: =SUM(G22,G27) -> 0 | H17: =SUM(H22,H27) -> 0 | I17: =SUM(I22,I27) -> 1147.027 | J17: =SUM(J22,J27) -> 447.318 | K17: =SUM(K22,K27) -> 304.053 | L17: =SUM(L22,L27) -> 0 | M17: =SUM(M22,M27) -> 0 | ... Q17: =SUM(Q22,Q27) -> 0 | S17: =SUM(F17:Q17) -> 2300.106
B18: - Branded Spec (IV 60) | F18: =SUM(F23,F28) -> 2141.997 | G18: =SUM(G23,G28) -> 2919.3902 | H18: =SUM(H23,H28) -> 893.82671 | I18: =SUM(I23,I28) -> 2402.731 | J18: =SUM(J23,J28) -> 2392.3 | K18: =SUM(K23,K28) -> 2533.95 | L18: =SUM(L23,L28) -> 2676.5 | M18: =SUM(M23,M28) -> 3856.608 | ... Q18: =SUM(Q23,Q28) -> 5097.302 | S18: =SUM(F18:Q18) -> 42228.112
B20: Total Olein
B21: - Poram Spec (IV 56) | D21: 0.82 | E21: =S21/S16 -> 0.82663634 | F21: ='Prod -in Kg'!F18/1000 -> 27617.726 | G21: ='Prod -in Kg'!G18/1000 -> 19562.21 | H21: ='Prod -in Kg'!H18/1000 -> 35211.166 | I21: ='Prod -in Kg'!I18/1000 -> 31293.783 | J21: ='Prod -in Kg'!J18/1000 -> 25924.821 | K21: ='Prod -in Kg'!K18/1000 -> 33552.679 | L21: ='Prod -in Kg'!L18/1000 -> 33026.742 | M21: ='Prod -in Kg'!M18/1000 -> 37906.528 | ... Q21: ='Prod -in Kg'!Q18/1000 -> 10477.852 | S21: =SUM(F21:Q21) -> 350291.87
B22: - Branded Spec (IV 58) | D22: 0.7 | E22: =S22/S17 -> 0.68230029 | F22: 0 | G22: 0 | H22: 0 | I22: ='Prod -in Kg'!I19/1000 -> 757.337 | J22: ='Prod -in Kg'!J19/1000 -> 313.318 | K22: ='Prod -in Kg'!K19/1000 -> 214.1 | L22: ='Prod -in Kg'!L19/1000 -> 0 | M22: ='Prod -in Kg'!M19/1000 -> 0 | N22: ='Prod -in Kg'!N19/1000 -> 0 | O22: ='Prod -in Kg'!O19/1000 -> 0 | P22: ='Prod -in Kg'!P19/1000 -> 284.608 | Q22: ='Prod -in Kg'!Q19/1000 -> 0 | S22: =SUM(F22:Q22) -> 1569.363
B23: - Branded Spec (IV 60) | D23: 0.58 | E23: =S23/S18 -> 0.60025393 | F23: ='Prod -in Kg'!F20/1000 -> 1315.197 | G23: ='Prod -in Kg'!G20/1000 -> 1713.716 | H23: ='Prod -in Kg'!H20/1000 -> 541.907 | I23: ='Prod -in Kg'!I20/1000 -> 1415.75 | J23: ='Prod -in Kg'!J20/1000 -> 1406.5 | K23: ='Prod -in Kg'!K20/1000 -> 1497.65 | L23: ='Prod -in Kg'!L20/1000 -> 1596.7 | M23: ='Prod -in Kg'!M20/1000 -> 2323.178 | ... Q23: ='Prod -in Kg'!Q20/1000 -> 3076.418 | S23: =SUM(F23:Q23) -> 25347.59
B25: Total Stearin
B26: - Stearin | D26: 0.18 | E26: =S26/S16 -> 0.17336366 | F26: ='Prod -in Kg'!F22/1000 -> 5419.478 | G26: ='Prod -in Kg'!G22/1000 -> 4163.8808 | H26: ='Prod -in Kg'!H22/1000 -> 7306.8963 | I26: ='Prod -in Kg'!I22/1000 -> 6758.1849 | J26: ='Prod -in Kg'!J22/1000 -> 5572.963 | K26: ='Prod -in Kg'!K22/1000 -> 7111.395 | L26: ='Prod -in Kg'!L22/1000 -> 7041.893 | M26: ='Prod -in Kg'!M22/1000 -> 7984.228 | ... Q26: ='Prod -in Kg'!Q22/1000 -> 2125.676 | S26: =SUM(F26:Q26) -> 73463.841
B27: - Stearin | D27: 0.3 | E27: =S27/S17 -> 0.31769971 | F27: 0 | G27: 0 | H27: 0 | I27: ='Prod -in Kg'!I23/1000 -> 389.69 | J27: ='Prod -in Kg'!J23/1000 -> 134 | K27: ='Prod -in Kg'!K23/1000 -> 89.953 | L27: ='Prod -in Kg'!L23/1000 -> 0 | M27: ='Prod -in Kg'!M23/1000 -> 0 | N27: ='Prod -in Kg'!N23/1000 -> 0 | O27: ='Prod -in Kg'!O23/1000 -> 0 | P27: ='Prod -in Kg'!P23/1000 -> 117.1 | Q27: ='Prod -in Kg'!Q23/1000 -> 0 | S27: =SUM(F27:Q27) -> 730.743
B28: - Soft Stearin (IV 38) | D28: 0.42 | E28: =S28/S18 -> 0.39974607 | F28: ='Prod -in Kg'!F24/1000 -> 826.8 | G28: ='Prod -in Kg'!G24/1000 -> 1205.6742 | H28: ='Prod -in Kg'!H24/1000 -> 351.91971 | I28: ='Prod -in Kg'!I24/1000 -> 986.981 | J28: ='Prod -in Kg'!J24/1000 -> 985.8 | K28: ='Prod -in Kg'!K24/1000 -> 1036.3 | L28: ='Prod -in Kg'!L24/1000 -> 1079.8 | M28: ='Prod -in Kg'!M24/1000 -> 1533.43 | ... Q28: ='Prod -in Kg'!Q24/1000 -> 2020.884 | S28: =SUM(F28:Q28) -> 16880.522
B29: PFAD - by Product | D29: 0.05 | E29: =S29/S8 -> 0.045527737 | F29: ='Prod -in Kg'!F25/1000 -> 2348.498 | G29: ='Prod -in Kg'!G25/1000 -> 1441.531 | H29: ='Prod -in Kg'!H25/1000 -> 2474.69 | I29: ='Prod -in Kg'!I25/1000 -> 2052.1316 | J29: ='Prod -in Kg'!J25/1000 -> 2192.3129 | K29: ='Prod -in Kg'!K25/1000 -> 2266.547 | L29: ='Prod -in Kg'!L25/1000 -> 2315.505 | M29: ='Prod -in Kg'!M25/1000 -> 2355.8763 | ... Q29: ='Prod -in Kg'!Q25/1000 -> 1301.139 | S29: =SUM(F29:Q29) -> 25302.444
B30: Loss / Waste | D30: 0.008 | E30: =S30/S8 -> 0.006146319 | F30: =F8-SUM(F13,F29) -> 275.62901 | G30: =G8-SUM(G13,G29) -> 183.839 | H30: =H8-SUM(H13,H29) -> 310.627 | I30: =I8-SUM(I13,I29) -> 274.32837 | J30: =J8-SUM(J13,J29) -> 289.73425 | K30: =K8-SUM(K13,K29) -> 298.192 | L30: =L8-SUM(L13,L29) -> 296.031 | M30: =M8-SUM(M13,M29) -> 328.84269 | ... Q30: =Q8-SUM(Q13,Q29) -> 213.572 | S30: =SUM(F30:Q30) -> 3415.8713
F36: 2021 | S36: Grand Total
B37: CHEMICAL CONSUMPTION | F37: =F6 -> 31 | G37: =G6 -> 18 | H37: =H6 -> 31 | I37: =I6 -> 30 | J37: =J6 -> 31 | K37: =K6 -> 30 | L37: =L6 -> 31 | M37: =M6 -> 31 | ... Q37: =Q6 -> 20 | S37: =SUM(F37:Q37) -> 344
F38: Januari | G38: Februari | H38: Maret | I38: April | J38: Mei | K38: Juni | L38: Juli | M38: Agustus | N38: September | O38: Oktober | P38: November | Q38: Desember
B39: Bleaching Earth | C39: Budget | D39: Actual
B40: - BE to Poram Spec | C40: 8 | D40: =S41 -> 9.3106683 | E40: Kg/MT | F40: 462920 | G40: 273537 | H40: 580177 | I40: 428406 | J40: 490057 | K40: 536488 | L40: 497144 | M40: 387640 | N40: 326941 | O40: 294249 | P40: 299055 | Q40: 173727 | S40: =SUM(F40:Q40) -> 4750341
F41: 11.210515 | G41: 10.544904 | H41: 11.403077 | I41: 9.9112393 | J41: 10.818887 | K41: 11.475621 | L41: 10.844833 | M41: 7.7291691 | N41: 7.1579792 | O41: 6.1434458 | P41: 6.9004705 | Q41: 7.2639413 | S41: 9.3106683
B43: - BE to Branded Spec | C43: 18 | D43: =S44 -> 17.512888 | E43: Kg/MT | F43: 38633 | G43: 58638 | H43: 18075 | I43: 46762 | J43: 52543 | K43: 53751 | L43: 49870 | M43: 68202 | N43: 88692 | O43: 111307 | P43: 110351 | Q43: 100972 | S43: =SUM(F43:Q43) -> 797796
F44: 17.642633 | G44: 18.943218 | H44: 19.156555 | I44: 18.453111 | J44: 17.548773 | K44: 17.972709 | L44: 17.636985 | M44: 16.793762 | N44: 16.815204 | O44: 17.401458 | P44: 17.254589 | Q44: 17.254255 | S44: 17.512888
B46: Phosporic Acid | C46: 0.55 | D46: =S46/S8 -> 0.52988942 | E46: Kg/MT | F46: 23110.1 | G46: 16837.4 | H46: 29578 | I46: 25392.3 | J46: 26283.9 | K46: 26343.3 | L46: 26424.82 | M46: 27578.8 | N46: 26254.9 | O46: 27600.8 | P46: 24730.53 | Q46: 14355.9 | S46: =SUM(F46:Q46) -> 294490.75
F47: =F46/F8 -> 0.53147282 | G47: =G46/G8 -> 0.57988674 | H47: =H46/H8 -> 0.57075565 | I47: =I46/I8 -> 0.55492155 | J47: =J46/J8 -> 0.54428665 | K47: =K46/K8 -> 0.52961003 | L47: =L46/L8 -> 0.5429482 | M47: =M46/M8 -> 0.50870237 | ... Q47: =Q46/Q8 -> 0.48225362 | S47: =S46/S8 -> 0.52988942
F51: 2021 | S51: Grand Total
B52: WASTE | F52: =F6 -> 31 | G52: =G6 -> 18 | H52: =H6 -> 31 | I52: =I6 -> 30 | J52: =J6 -> 31 | K52: =K6 -> 30 | L52: =L6 -> 31 | M52: =M6 -> 31 | ... Q52: =Q6 -> 20 | S52: =SUM(F52:Q52) -> 344
F53: Januari | G53: Februari | H53: Maret | I53: April | J53: Mei | K53: Juni | L53: Juli | M53: Agustus | N53: September | O53: Oktober | P53: November | Q53: Desember
C54: Budget | D54: Actual
B55: Spent Bleaching Earth | C55: 0.22 | D55: =S55% -> 0.21340648 | E55: OC | F55: 21.122903 | G55: 21.09 | H55: 21.43129 | I55: 21.42 | J55: 21.4 | K55: 21.44 | L55: 21.424839 | M55: 21.389032 | N55: 21.353 | O55: 21.34871 | P55: 21.349 | Q55: 21.319 | S55: =AVERAGE(F55:Q55) -> 21.340648
F56: =(SUM(F40,F43))+(F55%*(SUM(F40,F43))) -> 607495.55 | G56: =(SUM(G40,G43))+(G55%*(SUM(G40,G43))) -> 402230.71 | H56: =(SUM(H40,H43))+(H55%*(SUM(H40,H43))) -> 726465.12 | I56: =(SUM(I40,I43))+(I55%*(SUM(I40,I43))) -> 576948.99 | J56: =(SUM(J40,J43))+(J55%*(SUM(J40,J43))) -> 658716.4 | K56: =(SUM(K40,K43))+(K55%*(SUM(K40,K43))) -> 716786.24 | L56: =(SUM(L40,L43))+(L55%*(SUM(L40,L43))) -> 664210.87 | M56: =(SUM(M40,M43))+(M55%*(SUM(M40,M43))) -> 553342.19 | ... Q56: =(SUM(Q40,Q43))+(Q55%*(SUM(Q40,Q43))) -> 333262.08 | S56: =SUM(F56:Q56) -> 6732788.3
B58: Effluent | C58: 0.3 | D58: =S58/S80 -> 0.26968646 | E58: raw water | F58: 5616 | G58: 4577 | H58: 5645 | I58: 5591 | J58: 6207 | K58: 4589 | L58: 4716 | M58: 4631 | N58: 4537 | O58: 4859 | P58: 4239 | Q58: 5045 | S58: =SUM(F58:Q58) -> 60252
B63: YEARLY UTILITY CONSUMPTION DETAILS - TAHUN 2021
F65: 2021 | S65: Grand Total
B66: UTILITY CONSUMPTION PER DAY | F66: =F6 -> 31 | G66: =G6 -> 18 | H66: =H6 -> 31 | I66: =I6 -> 30 | J66: =J6 -> 31 | K66: =K6 -> 30 | L66: =L6 -> 31 | M66: =M6 -> 31 | ... Q66: =Q6 -> 20 | S66: =SUM(F66:Q66) -> 344
F67: Januari | G67: Februari | H67: Maret | I67: April | J67: Mei | K67: Juni | L67: Juli | M67: Agustus | N67: September | O67: Oktober | P67: November | Q67: Desember
B68: Gas Consumption | C68: Budget | D68: Actual
B69: Total | C69: =SUM(C70:C71) -> 1269.566 | D69: =S69/$S$66 -> 1239.8582 | E69: mmbtu/day | F69: =SUM(F70:F71) -> 37353.024 | G69: =SUM(G70:G71) -> 24845.54 | H69: =SUM(H70:H71) -> 38399.664 | I69: =SUM(I70:I71) -> 36575.447 | J69: =SUM(J70:J71) -> 38797.602 | K69: =SUM(K70:K71) -> 37729.82 | L69: =SUM(L70:L71) -> 36970.104 | M69: =SUM(M70:M71) -> 39632.64 | ... Q69: =SUM(Q70:Q71) -> 25377.548 | S69: =SUM(F69:Q69) -> 426511.24
B70: - to HP Boiler Refinery | C70: 253.9132 | D70: =S70/$S$66 -> 208.57421 | E70: mmbtu/day | F70: 5256.0243 | G70: 3748.5651 | H70: 6529.3975 | I70: 6064.1408 | J70: 6364.0062 | K70: 6695.3332 | L70: 6351.198 | M70: 6954.0045 | N70: 6541.2413 | O70: 6958.9086 | P70: 6443.4482 | Q70: 3843.2617 | S70: =SUM(F70:Q70) -> 71749.529
B71: - to MP Boiler & Frac | C71: 1015.6528 | D71: =S71/$S$66 -> 1031.284 | E71: mmbtu/day | F71: 32097 | G71: 21096.975 | H71: 31870.267 | I71: 30511.306 | J71: 32433.596 | K71: 31034.487 | L71: 30618.906 | M71: 32678.636 | N71: 30625.614 | O71: 29559.175 | P71: 30701.459 | Q71: 21534.286 | S71: =SUM(F71:Q71) -> 354761.71
B73: Steam Consumption
B74: Total | C74: 408000 | D74: =S74/$S$66 -> 315282.6 | E74: Kg/day | F74: 9720240 | G74: 6472260 | H74: 9800010 | I74: 9513055 | J74: 10137120 | K74: 9461660 | L74: 9348155 | M74: 9915080 | N74: 9363600 | O74: 9025680 | P74: 9268658 | Q74: 6431695 | S74: =SUM(F74:Q74) -> 108457213
B75: - Refinery | C75: 180000 | D75: =S75/$S$66 -> 154120.93 | E75: Kg/day | F75: 4949600 | G75: 3091100 | H75: 5053800 | I75: 4807300 | J75: 4956900 | K75: 4375100 | L75: 4473800 | M75: 4549000 | N75: 4568100 | O75: 4682700 | P75: 4571100 | Q75: 2939100 | S75: =SUM(F75:Q75) -> 53017600
B76: - Fractionation | C76: 122000 | D76: =S76/$S$66 -> 81799.361 | E76: Kg/day | F76: 2033380.3 | G76: 1666900 | H76: 2480200 | I76: 2553400 | J76: 2753300 | K76: 2956600 | L76: 2459700 | M76: 2828000 | N76: 2649900 | O76: 2201000 | P76: 2414200 | Q76: 1142400 | S76: =SUM(F76:Q76) -> 28138980
B77: - Others | C77: =C74-C75-C76 -> 106000 | D77: =S77/$S$66 -> 79362.304 | E77: Kg/day | F77: =F74-SUM(F75:F76) -> 2737259.7 | G77: =G74-SUM(G75:G76) -> 1714260 | H77: =H74-SUM(H75:H76) -> 2266010 | I77: =I74-SUM(I75:I76) -> 2152355 | J77: =J74-SUM(J75:J76) -> 2426920 | K77: =K74-SUM(K75:K76) -> 2129960 | L77: =L74-SUM(L75:L76) -> 2414655 | M77: =M74-SUM(M75:M76) -> 2538080 | ... Q77: =Q74-SUM(Q75:Q76) -> 2350195 | S77: =SUM(F77:Q77) -> 27300633
B79: Water Consumption
B80: Total | C80: =SUM(C81:C85) -> 800 | D80: =S80/$S$66 -> 649.46221 | E80: m3/day | F80: 19426 | G80: 13918 | H80: 19515 | I80: 18958 | J80: 19965 | K80: 18969 | L80: 19028 | M80: 19280 | N80: 18704 | O80: 18993 | P80: 19931 | Q80: 16728 | S80: =SUM(F80:Q80) -> 223415
B81: - Softener Product to Refinery | C81: 78.96 | D81: =S81/$S$66 -> 66.116279 | E81: m3/day | F81: 1699 | G81: 1957 | H81: 2210 | I81: 2036 | J81: 2040 | K81: 1905 | L81: 2005 | M81: 1898 | N81: 1707 | O81: 2032 | P81: 2004 | Q81: 1251 | S81: =SUM(F81:Q81) -> 22744
B82: - Softener Product to Frac | C82: 118.4 | D82: =S82/$S$66 -> 99.043605 | E82: m3/day | F82: 2406 | G82: 2038 | H82: 2979 | I82: 2898 | J82: 3084 | K82: 3651 | L82: 2965 | M82: 3352 | N82: 3164 | O82: 2843 | P82: 3205 | Q82: 1486 | S82: =SUM(F82:Q82) -> 34071
B83: - RO Product | C83: 357.52 | D83: =S83/$S$66 -> 298.54331 | E83: m3/day | F83: 9402.8 | G83: 6273.9 | H83: 9050.1 | I83: 8795.7 | J83: 10037.5 | K83: 8575.9 | L83: 8770.7 | M83: 9151.3 | N83: 8733.7 | O83: 8857 | P83: 8461.5 | Q83: 6588.8 | S83: =SUM(F83:Q83) -> 102698.9
B84: - Reject Water RO | C84: 153.28 | D84: =S84/$S$66 -> 127.94713 | E84: m3/day | F84: =((20/14)*F83)-F83 -> 4029.7714 | G84: =((20/14)*G83)-G83 -> 2688.8143 | H84: =((20/14)*H83)-H83 -> 3878.6143 | I84: =((20/14)*I83)-I83 -> 3769.5857 | J84: =((20/14)*J83)-J83 -> 4301.7857 | K84: =((20/14)*K83)-K83 -> 3675.3857 | L84: =((20/14)*L83)-L83 -> 3758.8714 | M84: =((20/14)*M83)-M83 -> 3921.9857 | ... Q84: =((20/14)*Q83)-Q83 -> 2823.7714 | S84: =SUM(F84:Q84) -> 44013.814
B85: - Sanitary & Service Equipment | C85: 91.84 | D85: =S85/$S$66 -> 57.811877 | E85: m3/day | F85: =F80-(SUM(F81:F84)) -> 1888.4286 | G85: =G80-(SUM(G81:G84)) -> 960.28571 | H85: =H80-(SUM(H81:H84)) -> 1397.2857 | I85: =I80-(SUM(I81:I84)) -> 1458.7143 | J85: =J80-(SUM(J81:J84)) -> 501.71429 | K85: =K80-(SUM(K81:K84)) -> 1161.7143 | L85: =L80-(SUM(L81:L84)) -> 1528.4286 | M85: =M80-(SUM(M81:M84)) -> 956.71429 | ... Q85: =Q80-(SUM(Q81:Q84)) -> 4578.4286 | S85: =SUM(F85:Q85) -> 19887.286
B87: Power Consumption
B88: Total | C88: =SUM(C89:C112) -> 26515.111 | D88: =S88/$S$66 -> 25965.323 | E88: Kwh/day | F88: 729835 | G88: 556721 | H88: 794335 | I88: 750875 | J88: 777743 | K88: 768213 | L88: 777280 | M88: 822185 | N88: 798547 | O88: 794185 | P88: 794170 | Q88: 567982 | S88: =SUM(F88:Q88) -> 8932071
B89: MHG Tank Farm | C89: 87.311667 | D89: =S89/$S$66 -> 47.40407 | E89: Kwh/day | F89: 2026.5 | G89: 1275.6 | H89: 2107.3 | I89: 1614.4 | J89: 1143.1 | K89: 803.9 | L89: 1140.5 | M89: 1181.2 | N89: 1479.1 | O89: 1273.5 | P89: 1153.3 | Q89: 1108.6 | S89: =SUM(F89:Q89) -> 16307
B90: MHG Pumphouse-Un/Loading | C90: 148.5 | D90: =S90/$S$66 -> 99.84593 | E90: Kwh/day | F90: 2697.7 | G90: 2964.9 | H90: 3311.5 | I90: 2971.6 | J90: 3505.2 | K90: 2566 | L90: 2768.8 | M90: 2729 | N90: 3109.3 | O90: 2953.1 | P90: 2683.9 | Q90: 2086 | S90: =SUM(F90:Q90) -> 34347
B91: Physical Refinery Plant | C91: 5420 | D91: =S91/$S$66 -> 4151.7442 | E91: Kwh/day | F91: 119900 | G91: 81200 | H91: 129700 | I91: 124500 | J91: 114600 | K91: 125200 | L91: 119900 | M91: 128900 | N91: 132500 | O91: 133100 | P91: 130300 | Q91: 88400 | S91: =SUM(F91:Q91) -> 1428200
B92: Refinery -Cooling Water System | C92: 3193.5667 | D92: =S92/$S$66 -> 2947.3256 | E92: Kwh/day | F92: 92410 | G92: 60630 | H92: 85950 | I92: 90280 | J92: 85070 | K92: 85040 | L92: 83290 | M92: 85370 | N92: 90470 | O92: 91130 | P92: 93850 | Q92: 70390 | S92: =SUM(F92:Q92) -> 1013880
B93: Refinery -Utilities | C93: 11.914 | D93: =S93/$S$66 -> 8.8959012 | E93: Kwh/day | F93: 246.11 | G93: 300.13 | H93: 219.31 | I93: 274.91 | J93: 304.79 | K93: 258.67 | L93: 241.93 | M93: 286.83 | N93: 151.31 | O93: 203.95 | P93: 281.08 | Q93: 291.17 | S93: =SUM(F93:Q93) -> 3060.19
B94: Dry Fractionation Plant | C94: 5549.5475 | D94: =S94/$S$66 -> 4473.2558 | E94: Kwh/day | F94: 129200 | G94: 91300 | H94: 133400 | I94: 135800 | J94: 112300 | K94: 138100 | L94: 128100 | M94: 153200 | N94: 154300 | O94: 134400 | P94: 152300 | Q94: 76400 | S94: =SUM(F94:Q94) -> 1538800
B95: Dry Fractionation CW System | C95: 1477 | D95: =S95/$S$66 -> 959.54651 | E95: Kwh/day | F95: 30529 | G95: 19829 | H95: 27185 | I95: 28382 | J95: 28338 | K95: 31415 | L95: 26610 | M95: 29470 | N95: 32197 | O95: 28229 | P95: 30500 | Q95: 17400 | S95: =SUM(F95:Q95) -> 330084
B96: Filing & Packaging Plant | C96: 601.25 | D96: =S96/$S$66 -> 246.11105 | E96: Kwh/day | F96: 4921.2 | G96: 4767 | H96: 5142.4 | I96: 6637.1 | J96: 6089.3 | K96: 6878.2 | L96: 6459.1 | M96: 6493.4 | N96: 9173.6 | O96: 9140.9 | P96: 9234 | Q96: 9726 | S96: =SUM(F96:Q96) -> 84662.2
B97: Utility MP Boiler | C97: 1190 | D97: =S97/$S$66 -> 927.32558 | E97: Kwh/day | F97: 28530 | G97: 19520 | H97: 26610 | I97: 26100 | J97: 25510 | K97: 25310 | L97: 25030 | M97: 27900 | N97: 29740 | O97: 27420 | P97: 32500 | Q97: 24830 | S97: =SUM(F97:Q97) -> 319000
B98: Utility WTP & WWTP | C98: 432 | D98: =S98/$S$66 -> 491.61628 | E98: Kwh/day | F98: 11993 | G98: 11930 | H98: 13544 | I98: 14033 | J98: 13510 | K98: 13265 | L98: 13537 | M98: 14435 | N98: 15576 | O98: 16212 | P98: 16061 | Q98: 15020 | S98: =SUM(F98:Q98) -> 169116
B99: Utility Air Compressor, Fuel Pump | C99: 2730 | D99: =S99/$S$66 -> 2669.5349 | E99: Kwh/day | F99: 79340 | G99: 65840 | H99: 73780 | I99: 78920 | J99: 75280 | K99: 73850 | L99: 73220 | M99: 74810 | N99: 82320 | O99: 79730 | P99: 80900 | Q99: 80330 | S99: =SUM(F99:Q99) -> 918320
B100: Lighting - Main Distribution Panel | C100: 2680 | D100: =S100/$S$66 -> 2466.8023 | E100: Kwh/day | F100: 81080 | G100: 75590 | H100: 72990 | I100: 74600 | J100: 66870 | K100: 64810 | L100: 62750 | M100: 60960 | N100: 70980 | O100: 72260 | P100: 71840 | Q100: 73850 | S100: =SUM(F100:Q100) -> 848580
... B112: Lighting - Panel Gas Metering | C112: 14.416667 | D112: =S112/$S$66 -> 11.39186 | E112: Kwh/day | F112: 436.6 | G112: 449.9 | H112: 400.2 | I112: 346.5 | J112: 319.3 | K112: 324.6 | L112: 331.1 | M112: 78.5 | N112: 301.1 | O112: 318.8 | P112: 293.3 | Q112: 318.9 | S112: =SUM(F112:Q112) -> 3918.8
B115: YEARLY DOWNTIME PRODUCTION -TAHUN 2021
F117: 2021 | S117: Grand Total
B118: DOWNTIME PRODUCTION | F118: 31 | G118: 18 | H118: 31 | I118: 30 | J118: 31 | K118: 30 | L118: 31 | M118: 31 | N118: 30 | O118: 31 | P118: 30 | Q118: 20 | S118: =SUM(F118:Q118) -> 344
F119: Januari | G119: Februari | H119: Maret | I119: April | J119: Mei | K119: Juni | L119: Juli | M119: Agustus | N119: September | O119: Oktober | P119: November | Q119: Desember
B120: Stop Plant (hours) | D120: =S120/S123*100 -> 24.144598 | E120: % | G120: 243 | H120: 0 | I120: 0 | Q120: 264 | S120: =SUM(F120:Q120) -> 507
B121: Plant Hold (hours) | D121: =S121/S123*100 -> 1.0452635 | E121: % | F121: 0 | G121: 0 | H121: 0 | I121: 21.948952 | J121: 0 | K121: 0 | L121: 0 | M121: 0 | N121: 0 | O121: 0 | P121: 0 | Q121: 0 | S121: =SUM(F121:Q121) -> 21.948952
B122: Slow Flow Rate (hours) | D122: =S122/S123*100 -> 74.810139 | E122: % | F122: 223.09 | G122: 66.08 | H122: 139.44825 | I122: 149.63707 | J122: 165.17413 | K122: 123.60314 | L122: 160.61282 | M122: 93.973675 | N122: 109.5471 | O122: 92.771639 | P122: 123.68907 | Q122: 123.27276 | S122: =SUM(F122:Q122) -> 1570.8997
B123: TOTAL | D123: =SUM(D120:D122) -> 100 | E123: % | F123: =SUM(F120:F122) -> 223.09 | G123: =SUM(G120:G122) -> 309.08 | H123: =SUM(H120:H122) -> 139.44825 | I123: =SUM(I120:I122) -> 171.58602 | J123: =SUM(J120:J122) -> 165.17413 | K123: =SUM(K120:K122) -> 123.60314 | L123: =SUM(L120:L122) -> 160.61282 | M123: =SUM(M120:M122) -> 93.973675 | ... Q123: =SUM(Q120:Q122) -> 387.27276 | S123: =SUM(F123:Q123) -> 2099.8486
B126: Details Downtime in hours | F126: 2021 | S126: Grand Total
B127: DETAILS DOWNTIME PRODUCTION | F127: 31 | G127: 18 | H127: 31 | I127: 30 | J127: 31 | K127: 30 | L127: 31 | M127: 31 | N127: 30 | O127: 31 | P127: 30 | Q127: 20 | S127: =SUM(F127:Q127) -> 344
F128: Januari | G128: Februari | H128: Maret | I128: April | J128: Mei | K128: Juni | L128: Juli | M128: Agustus | N128: September | O128: Oktober | P128: November | Q128: Desember
B129: Preventice Maintenance Pertagas | D129: =S129/S135*100 -> 0 | E129: % | F129: 0 | G129: 0 | H129: 0 | I129: 0 | J129: 0 | K129: 0 | L129: 0 | M129: 0 | N129: 0 | O129: 0 | P129: 0 | Q129: 0 | S129: =SUM(F129:Q129) -> 0
B130: Yearly Shutdown | D130: =S130/S135*100 -> 24.144598 | E130: % | F130: 0 | G130: =G120 -> 243 | H130: 0 | I130: 0 | J130: 0 | K130: 0 | L130: 0 | M130: 0 | N130: 0 | O130: 0 | P130: 0 | Q130: =Q120 -> 264 | S130: =SUM(F130:Q130) -> 507
B131: Power Blackout | D131: =S131/S135*100 -> 1.0452635 | E131: % | F131: 0 | G131: 0 | H131: 0 | I131: =I121 -> 21.948952 | J131: 0 | K131: 0 | L131: 0 | M131: 0 | N131: 0 | O131: 0 | P131: 0 | Q131: 0 | S131: =SUM(F131:Q131) -> 21.948952
B132: Preventive/Corrective Maintenance | D132: =S132/S135*100 -> 0 | E132: % | F132: 0 | H132: 0 | I132: 0 | J132: 0 | K132: 0 | L132: 0 | M132: 0 | N132: 0 | O132: 0 | P132: 0 | Q132: 0 | S132: =SUM(F132:Q132) -> 0
B133: Process CPO High FFA | D133: =S133/S135*100 -> 3.7469167 | E133: % | F133: 0 | G133: 33.42 | H133: 45.259578 | I133: 0 | J133: 0 | K133: 0 | L133: 0 | M133: 0 | N133: 0 | P133: 0 | Q133: 0 | S133: =SUM(F133:Q133) -> 78.679578
B134: Shortage Feedstock CPO | D134: =S134/S135*100 -> 71.063222 | E134: % | F134: =F122 -> 223.09 | G134: 32.66 | H134: 94.188675 | I134: =I122 -> 149.63707 | J134: 165.17413 | K134: 123.60314 | L134: 160.61282 | M134: 93.973675 | N134: =N122 -> 109.5471 | O134: =O122 -> 92.771639 | P134: =P122 -> 123.68907 | Q134: =Q122 -> 123.27276 | S134: =SUM(F134:Q134) -> 1492.2201
B135: TOTAL | D135: =SUM(D129:D134) -> 100 | E135: % | F135: =SUM(F129:F134) -> 223.09 | G135: =SUM(G129:G134) -> 309.08 | H135: =SUM(H129:H134) -> 139.44825 | I135: =SUM(I129:I134) -> 171.58602 | J135: =SUM(J129:J134) -> 165.17413 | K135: =SUM(K129:K134) -> 123.60314 | L135: =SUM(L129:L134) -> 160.61282 | M135: =SUM(M129:M134) -> 93.973675 | ... Q135: =SUM(Q129:Q134) -> 387.27276 | S135: =SUM(F135:Q135) -> 2099.8486
B140: Prepared by, | H140: Checked by, | O140: Approved by,
B145: Khairatun Nisa | H145: Eben Jaya Ginting | O145: Raja Marthin V. Girsang
B146: Process Engineer | H146: Production Manager | O146: Kabag. Produksi

Sheet Prod -in Kg
B2: YEARLY PRODUCTION SUMMARY -TAHUN 2021
B5: in Kg | F5: 2021 | S5: Grand Total
B6: ACTUAL PRODUCTION | F6: 31 | G6: 18 | H6: 31 | I6: 30 | J6: 31 | K6: 30 | L6: 31 | M6: 31 | N6: 30 | O6: 31 | P6: 30 | Q6: 20 | S6: =SUM(F6:Q6) -> 344
B7: Product | D7: Budget | E7: Actual | F7: Januari | G7: Februari | H7: Maret | I7: April | J7: Mei | K7: Juni | L7: Juli | M7: Agustus | N7: September | O7: Oktober | P7: November | Q7: Desember
B8: Total CPO & COL Consume | D8: 1 | E8: 1 | F8: =SUM(F9:F10) -> 43483127 | G8: =SUM(G9:G10) -> 29035670 | H8: =SUM(H9:H10) -> 51822527 | I8: =SUM(I9:I10) -> 45758360 | J8: =SUM(J9:J10) -> 48290547 | K8: =SUM(K9:K10) -> 49740939 | L8: =SUM(L9:L10) -> 48669136 | M8: =SUM(M9:M10) -> 54214019 | ... Q8: =SUM(Q9:Q10) -> 29768361 | S8: =SUM(F8:Q8) -> 555758875
B9: - CPO Consume | F9: 41605447 | G9: 28905898 | H9: 51487425 | I9: 45758360 | J9: 48290547 | K9: 49740939 | L9: 48669136 | M9: 54214019 | N9: 50949554 | O9: 54292828 | P9: 49733807 | Q9: 29768361 | S9: =SUM(F9:Q9) -> 5.5341632e+08
B10: - COL Consume | F10: 1877680 | G10: 129771.67 | H10: 335102 | I10: 0 | J10: 0 | K10: 0 | L10: 0 | M10: 0 | N10: 0 | O10: 0 | P10: 0 | Q10: 0 | S10: =SUM(F10:Q10) -> 2342553.7
B11: Total RBDPO Refinery
B12: - Poram & Branded Spec | D12: 0.942 | E12: =S12/S8 -> 0.94832594 | F12: 40859000 | G12: 27410300 | H12: 49037210 | I12: 43431900 | J12: 45808500 | K12: 47176200 | L12: 46057600 | M12: 51529300 | N12: 48364700 | O12: 51703800 | P12: 47408400 | Q12: 28253650 | S12: =SUM(F12:Q12) -> 5.2704056e+08
B13: Total RBDPO Consume to Fractionation
B14: - Poram Spec (IV 56) | F14: 33037204 | G14: 23726091 | H14: 42518062 | I14: 38051968 | J14: 31497784 | K14: 40664074 | L14: 40068635 | M14: 45890756 | N14: 41535010 | O14: 33791704 | P14: 40370895 | Q14: 12603528 | S14: =SUM(F14:Q14) -> 4.2375571e+08
B15: - Branded Spec (IV 58) | F15: 0 | G15: 0 | H15: 0 | I15: 1147027 | J15: 447318 | K15: 304053 | L15: 0 | M15: 0 | N15: 0 | O15: 0 | P15: 401708 | Q15: 0 | S15: =SUM(F15:Q15) -> 2300106
B16: - Branded Spec (IV 60) | F16: 2141997 | G16: 2919390.3 | H16: 893827 | I16: 2402731 | J16: 2392300 | K16: 2533950 | L16: 2676500 | M16: 3856608 | N16: 4999578 | O16: 6622748 | P16: 5691181 | Q16: 5097302 | S16: =SUM(F16:Q16) -> 42228112
B17: Total Olein
B18: - Poram Spec (IV 56) | D18: 0.82 | E18: =S18/S14 -> 0.82663634 | F18: 27617726 | G18: 19562210 | H18: 35211166 | I18: 31293783 | J18: 25924821 | K18: 33552679 | L18: 33026742 | M18: 37906528 | N18: 34164148 | O18: 28141510 | P18: 33412705 | Q18: 10477852 | S18: =SUM(F18:Q18) -> 3.5029187e+08
B19: - Branded Spec (IV 58) | D19: 0.7 | E19: =S19/S15 -> 0.68230029 | F19: 0 | G19: 0 | H19: 0 | I19: 757337 | J19: 313318 | K19: 214100 | L19: 0 | M19: 0 | N19: 0 | O19: 0 | P19: 284608 | Q19: 0 | S19: =SUM(F19:Q19) -> 1569363
B20: - Branded Spec (IV 60) | D20: 0.58 | E20: =S20/S16 -> 0.60025392 | F20: 1315197 | G20: 1713716 | H20: 541907 | I20: 1415750 | J20: 1406500 | K20: 1497650 | L20: 1596700 | M20: 2323178 | N20: 3028055 | O20: 4013817 | P20: 3418702 | Q20: 3076418 | S20: =SUM(F20:Q20) -> 25347590
B21: Total Stearin
B22: - Stearin | D22: 0.18 | E22: =S22/S14 -> 0.17336366 | F22: 5419478 | G22: 4163880.8 | H22: 7306896.3 | I22: 6758184.9 | J22: 5572963 | K22: 7111395 | L22: 7041893 | M22: 7984228 | N22: 7370862 | O22: 5650194 | P22: 6958190 | Q22: 2125676 | S22: =SUM(F22:Q22) -> 73463841
B23: - Stearin | D23: 0.3 | E23: =S23/S15 -> 0.31769971 | F23: 0 | G23: 0 | H23: 0 | I23: 389690 | J23: 134000 | K23: 89953 | L23: 0 | M23: 0 | N23: 0 | O23: 0 | P23: 117100 | Q23: 0 | S23: =SUM(F23:Q23) -> 730743
B24: - Soft Stearin (IV 38) | D24: 0.42 | E24: =S24/S16 -> 0.39974607 | F24: 826800 | G24: 1205674.2 | H24: 351919.71 | I24: 986981 | J24: 985800 | K24: 1036300 | L24: 1079800 | M24: 1533430 | N24: 1971523 | O24: 2608931 | P24: 2272479 | Q24: 2020884 | S24: =SUM(F24:Q24) -> 16880522
B25: PFAD - by Product | D25: 0.05 | E25: =S25/S8 -> 0.045527737 | F25: 2348498 | G25: 1441531 | H25: 2474690 | I25: 2052131.6 | J25: 2192312.9 | K25: 2266547 | L25: 2315505 | M25: 2355876.3 | N25: 2275098 | O25: 2257011 | P25: 2022104 | Q25: 1301139 | S25: =SUM(F25:Q25) -> 25302444
B26: Loss / Waste | D26: 0.008 | E26: =S26/S8 -> 0.006146319 | F26: =F8-SUM(F12,F25) -> 275629.01 | G26: =G8-SUM(G12,G25) -> 183839 | H26: =H8-SUM(H12,H25) -> 310627 | I26: =I8-SUM(I12,I25) -> 274328.37 | J26: =J8-SUM(J12,J25) -> 289734.25 | K26: =K8-SUM(K12,K25) -> 298192 | L26: =L8-SUM(L12,L25) -> 296031 | M26: =M8-SUM(M12,M25) -> 328842.69 | ... Q26: =Q8-SUM(Q12,Q25) -> 213572 | S26: =SUM(F26:Q26) -> 3415871.3
F29: =F5 -> 2021 | S29: Grand Total
B30: CHEMICAL CONSUMPTION | F30: 20 | G30: 29 | H30: 31 | I30: 29 | J30: 22 | K30: 30 | L30: 23 | M30: 17 | N30: 22 | O30: 13 | P30: 17 | Q30: 31 | S30: =SUM(F30:Q30) -> 284
F31: Januari | G31: Februari | H31: Maret | I31: April | J31: Mei | K31: Juni | L31: Juli | M31: Agustus | N31: September | O31: Oktober | P31: November | Q31: Desember
B32: Bleaching Earth | C32: Budget | D32: Actual
B33: - BE to Poram Spec | C33: 8 | E33: Kg/MT | F33: 462920 | G33: 273537 | H33: 580177 | I33: 428406 | J33: 490057 | K33: 536488 | L33: 497144 | M33: 387640 | N33: 326941 | O33: 294249 | P33: 299055 | Q33: 173727 | S33: =SUM(F33:Q33) -> 4750341
B36: - BE to Branded Spec | C36: 18 | D36: =S36/S8 -> 0.0014355074 | E36: Kg/MT | F36: 38633 | G36: 58638 | H36: 18075 | I36: 46762 | J36: 52543 | K36: 53751 | L36: 49870 | M36: 68202 | N36: 88692 | O36: 111307 | P36: 110351 | Q36: 100972 | S36: =SUM(F36:Q36) -> 797796
B39: Phosporic Acid | C39: 0.55 | D39: =S39/S8 -> 0.00052988942 | E39: Kg/MT | F39: 23110.1 | G39: 16837.4 | H39: 29578 | I39: 25392.3 | J39: 26283.9 | K39: 26343.3 | L39: 26424.82 | M39: 27578.8 | N39: 26254.9 | O39: 27600.8 | P39: 24730.53 | Q39: 14355.9 | S39: =SUM(F39:Q39) -> 294490.75
F44: =F5 -> 2021 | S44: Grand Total
B45: WASTE | F45: 20 | G45: 29 | H45: 31 | I45: 29 | J45: 22 | K45: 30 | L45: 23 | M45: 17 | N45: 22 | O45: 13 | P45: 17 | Q45: 31 | S45: =SUM(F45:Q45) -> 284
F46: Januari | G46: Februari | H46: Maret | I46: April | J46: Mei | K46: Juni | L46: Juli | M46: Agustus | N46: September | O46: Oktober | P46: November | Q46: Desember
C47: Budget | D47: Actual
B48: Spent Bleaching Earth | C48: 0.22 | D48: =S48 -> #DIV/0! | E48: OC | S48: =AVERAGE(F48:Q48) -> #DIV/0!
F49: =F36+(F48*F36) -> 38633 | G49: =G36+(G48*G36) -> 58638 | H49: =H36+(H48*H36) -> 18075 | I49: =I36+(I48*I36) -> 46762 | J49: =J36+(J48*J36) -> 52543 | K49: =K36+(K48*K36) -> 53751 | L49: =L36+(L48*L36) -> 49870 | M49: =M36+(M48*M36) -> 68202 | ... Q49: =Q36+(Q48*Q36) -> 100972 | S49: =SUM(F49:Q49) -> 797796
B51: Effluent | D51: =S51/S101 -> 0 | E51: Raw Water | S51: =SUM(F51:Q51) -> 0
B56: YEARLY UTILITY CONSUMPTION DETAILS - Tahun 2020
F58: 2020 | S58: Grand Total
B59: UTILITY CONSUMPTION PER DAY | F59: 20 | G59: 29 | H59: 31 | I59: 29 | J59: 22 | K59: 30 | L59: 23 | M59: 17 | N59: 22 | O59: 13 | P59: 17 | Q59: 31 | S59: =SUM(F59:Q59) -> 284
F60: Januari | G60: Februari | H60: Maret | I60: April | J60: Mei | K60: Juni | L60: Juli | M60: Agustus | N60: September | O60: Oktober | P60: November | Q60: Desember
B61: Gas Consumption | D61: Actual
B62: Total | D62: =S62/S59 -> 1265.9037 | E62: mmbtu/day | F62: 25619.432 | G62: 35150.354 | H62: 38747.294 | I62: 35200.464 | J62: 30010.421 | K62: 42046.553 | L62: 28190.715 | M62: 20723.92 | N62: 25451.31 | O62: 16839.501 | P62: 22736.12 | Q62: 38800.562 | S62: =SUM(F62:Q62) -> 359516.64
B63: - to HP Boiler Refinery | D63: =S63/S59 -> 199.01615 | E63: mmbtu/day | F63: 4114.5515 | G63: 5705.9416 | H63: 5609.3238 | I63: 6946.385 | J63: 5046.7805 | K63: 7304.2366 | L63: 4555.5714 | M63: 2720.641 | N63: 3105.0776 | O63: 2213.3026 | P63: 3483.614 | Q63: 5715.1624 | S63: =SUM(F63:Q63) -> 56520.588
B64: - to MP Boiler & Frac | D64: =S64/S59 -> 1066.8875 | E64: mmbtu/day | F64: 21504.881 | G64: 29444.412 | H64: 33137.97 | I64: 28254.079 | J64: 24963.64 | K64: 34742.316 | L64: 23635.143 | M64: 18003.279 | N64: 22346.232 | O64: 14626.198 | P64: 19252.506 | Q64: 33085.399 | S64: =SUM(F64:Q64) -> 302996.06
B66: Steam Consumption
B67: Total | D67: =S67/S59 -> 296500.63 | E67: Kg/day | F67: 5551210 | G67: 7618960 | H67: 8896320 | I67: 7678500 | J67: 5833676 | K67: 9269220.5 | L67: 6898980 | M67: 4977373 | N67: 6905420 | O67: 4557880 | P67: 6200067 | Q67: 9818573 | S67: =SUM(F67:Q67) -> 84206180
B68: - Refinery | D68: =S68/S59 -> 151754.58 | E68: Kg/day | F68: 3076400 | G68: 4361800 | H68: 4496900 | I68: 4347600 | J68: 3338900 | K68: 4388100 | L68: 3412300 | M68: 2580000 | N68: 3456200 | O68: 1990700 | P68: 2630300 | Q68: 5019100 | S68: =SUM(F68:Q68) -> 43098300
B69: - Fractionation | D69: =S69/S59 -> 73072.183 | E69: Kg/day | F69: 1394500 | G69: 2130000 | H69: 3345500 | I69: 2123200 | J69: 1371900 | K69: 2447300 | L69: 1354700 | M69: 1123400 | N69: 1322100 | O69: 646800 | P69: 1371800 | Q69: 2121300 | S69: =SUM(F69:Q69) -> 20752500
B70: - Others | D70: =D67-SUM(D68:D69) -> 71673.871 | E70: Kg/day | F70: =F67-SUM(F68:F69) -> 1080310 | G70: =G67-SUM(G68:G69) -> 1127160 | H70: =H67-SUM(H68:H69) -> 1053920 | I70: =I67-SUM(I68:I69) -> 1207700 | J70: =J67-SUM(J68:J69) -> 1122876 | K70: =K67-SUM(K68:K69) -> 2433820.5 | L70: =L67-SUM(L68:L69) -> 2131980 | M70: =M67-SUM(M68:M69) -> 1273973 | ... Q70: =Q67-SUM(Q68:Q69) -> 2678173 | S70: =SUM(F70:Q70) -> 20355380
B72: Water Consumption
B73: Total | D73: =S73/S59 -> 647.90493 | E73: m3/day | F73: 13184 | G73: 17060 | H73: 20064 | I73: 17673 | J73: 13991 | K73: 18090 | L73: 15029 | M73: 11960 | N73: 14577 | O73: 10106 | P73: 12492 | Q73: 19779 | S73: =SUM(F73:Q73) -> 184005
B74: - Softener Product to Refinery | D74: =S74/S59 -> 74.246479 | E74: m3/day | F74: 1280 | G74: 2256 | H74: 2548 | I74: 2417 | J74: 1992 | K74: 2188 | L74: 1868 | M74: 1380 | N74: 1164 | O74: 1359 | P74: 1013 | Q74: 1621 | S74: =SUM(F74:Q74) -> 21086
B75: - Softener Product to Frac | D75: =S75/S59 -> 93.288732 | E75: m3/day | F75: 1904 | G75: 2892 | H75: 4010 | I75: 2769 | J75: 2319 | K75: 3035 | L75: 1663 | M75: 1515 | N75: 1461 | O75: 719 | P75: 1542 | Q75: 2665 | S75: =SUM(F75:Q75) -> 26494
B76: - Others | D76: =D73-SUM(D74:D75) -> 480.36972 | E76: m3/day | F76: =F73-SUM(F74:F75) -> 10000 | G76: =G73-SUM(G74:G75) -> 11912 | H76: =H73-SUM(H74:H75) -> 13506 | I76: =I73-SUM(I74:I75) -> 12487 | J76: =J73-SUM(J74:J75) -> 9680 | K76: =K73-SUM(K74:K75) -> 12867 | L76: =L73-SUM(L74:L75) -> 11498 | M76: =M73-SUM(M74:M75) -> 9065 | ... Q76: =Q73-SUM(Q74:Q75) -> 15493 | S76: =SUM(F76:Q76) -> 136425
B78: Power Consumption
B79: Total | D79: =S79/S59 -> 25891.173 | E79: Kwh/day | F79: 576934 | G79: 711126 | H79: 782041 | I79: 739379 | J79: 585067 | K79: 760275 | L79: 592254 | M79: 455799 | N79: 566027 | O79: 374624 | P79: 486302 | Q79: 723265 | S79: =SUM(F79:Q79) -> 7353093
B80: - Refinery (Process & Utilities) | D80: =S80/S59 -> #REF! | E80: Kwh/day | F80: =SUM(#REF!,#REF!) -> #REF! | G80: =SUM(#REF!,#REF!) -> #REF! | H80: =SUM(#REF!,#REF!) -> #REF! | I80: =SUM(#REF!,#REF!) -> #REF! | J80: =SUM(#REF!,#REF!) -> #REF! | K80: =SUM(#REF!,#REF!) -> #REF! | L80: =SUM(#REF!,#REF!) -> #REF! | M80: =SUM(#REF!,#REF!) -> #REF! | ... Q80: =SUM(#REF!,#REF!) -> #REF! | S80: =SUM(F80:Q80) -> #REF!
B81: - Fractionation (Process & Utilities) | D81: =S81/S59 -> #REF! | E81: Kwh/day | F81: =SUM(#REF!,#REF!) -> #REF! | G81: =SUM(#REF!,#REF!) -> #REF! | H81: =SUM(#REF!,#REF!) -> #REF! | I81: =SUM(#REF!,#REF!) -> #REF! | J81: =SUM(#REF!,#REF!) -> #REF! | K81: =SUM(#REF!,#REF!) -> #REF! | L81: =SUM(#REF!,#REF!) -> #REF! | M81: =SUM(#REF!,#REF!) -> #REF! | ... Q81: =SUM(#REF!,#REF!) -> #REF! | S81: =SUM(F81:Q81) -> #REF!
B82: - Filling Packaging | D82: =S82/197 -> #REF! | E82: Kwh/day | F82: =#REF! -> #REF! | G82: =#REF! -> #REF! | H82: =#REF! -> #REF! | I82: =#REF! -> #REF! | J82: =#REF! -> #REF! | K82: =#REF! -> #REF! | L82: =#REF! -> #REF! | M82: =#REF! -> #REF! | ... Q82: =#REF! -> #REF! | S82: =SUM(F82:Q82) -> #REF!
B83: - Others | D83: =D79-SUM(D80:D82) -> #REF! | E83: Kwh/day | F83: =F79-SUM(F80:F82) -> #REF! | G83: =G79-SUM(G80:G82) -> #REF! | H83: =H79-SUM(H80:H82) -> #REF! | I83: =I79-SUM(I80:I82) -> #REF! | J83: =J79-SUM(J80:J82) -> #REF! | K83: =K79-SUM(K80:K82) -> #REF! | L83: =L79-SUM(L80:L82) -> #REF! | M83: =M79-SUM(M80:M82) -> #REF! | ... Q83: =Q79-SUM(Q80:Q82) -> #REF! | S83: =SUM(F83:Q83) -> #REF!
F86: 2020 | S86: Grand Total
B87: UTILITY CONSUMPTION PER MT CPO | F87: 20 | G87: 29 | H87: 31 | I87: 29 | J87: 22 | K87: 30 | L87: 23 | M87: 17 | N87: 22 | O87: 13 | P87: 17 | Q87: 31 | S87: =SUM(F87:Q87) -> 284
F88: Januari | G88: Februari | H88: Maret | I88: April | J88: Mei | K88: Juni | L88: Juli | M88: Agustus | N88: September | O88: Oktober | P88: November | Q88: Desember
B89: Gas Consumption | D89: Actual
B90: Total | D90: =S90/S8 -> 0.00064689321 | E90: mmbtu/MT | F90: 25619.432 | G90: 35150.354 | H90: 38747.294 | I90: 35200.464 | J90: 30010.421 | K90: 42046.553 | L90: 28190.715 | M90: 20723.92 | N90: 25451.31 | O90: 16839.501 | P90: 22736.12 | Q90: 38800.562 | S90: =SUM(F90:Q90) -> 359516.64
B91: - to HP Boiler Refinery | D91: =S91/S8 -> 0.00010169984 | E91: mmbtu/MT | F91: 4114.5515 | G91: 5705.9416 | H91: 5609.3238 | I91: 6946.385 | J91: 5046.7805 | K91: 7304.2366 | L91: 4555.5714 | M91: 2720.641 | N91: 3105.0776 | O91: 2213.3026 | P91: 3483.614 | Q91: 5715.1624 | S91: =SUM(F91:Q91) -> 56520.588
B92: - to MP Boiler & Fractionation | D92: =D90-D91 -> 0.00054519337 | E92: mmbtu/MT | F92: 21504.881 | G92: 29444.412 | H92: 33137.97 | I92: 28254.079 | J92: 24963.64 | K92: 34742.316 | L92: 23635.143 | M92: 18003.279 | N92: 22346.232 | O92: 14626.198 | P92: 19252.506 | Q92: 33085.399 | S92: =SUM(F92:Q92) -> 302996.06
F93: 4114.5515 | G93: 5705.9416 | H93: 5609.3238 | I93: 6946.385 | J93: 5046.7805 | K93: 7304.2366 | L93: 3071.2078 | M93: =SUM(F93:L93) -> 37798.427
B94: Steam Consumption
B95: Total | D95: =S95/S8 -> 0.15151567 | E95: Kg/MT | F95: 5551210 | G95: 7618960 | H95: 8896320 | I95: 7678500 | J95: 5833676 | K95: 9269220.5 | L95: 6898980 | M95: 4977373 | N95: 6905420 | O95: 4557880 | P95: 6200067 | Q95: 9818573 | S95: =SUM(F95:Q95) -> 84206180
B96: - Refinery | D96: =S96/S8 -> 0.077548559 | E96: Kg/MT | F96: 3076400 | G96: 4361800 | H96: 4496900 | I96: 4347600 | J96: 3338900 | K96: 4388100 | L96: 3412300 | M96: 2580000 | N96: 3456200 | O96: 1990700 | P96: 2630300 | Q96: 5019100 | S96: =SUM(F96:Q96) -> 43098300
B97: - Fractionation | D97: =S97/SUM(S14:S16) -> 0.044316063 | E97: Kg/MT | F97: 1394500 | G97: 2130000 | H97: 3345500 | I97: 2123200 | J97: 1371900 | K97: 2447300 | L97: 1354700 | M97: 1123400 | N97: 1322100 | O97: 646800 | P97: 1371800 | Q97: 2121300 | S97: =SUM(F97:Q97) -> 20752500
B98: - Others | D98: =D95-SUM(D96:D97) -> 0.02965105 | E98: Kg/MT | F98: =F95-SUM(F96:F97) -> 1080310 | G98: =G95-SUM(G96:G97) -> 1127160 | H98: =H95-SUM(H96:H97) -> 1053920 | I98: =I95-SUM(I96:I97) -> 1207700 | J98: =J95-SUM(J96:J97) -> 1122876 | K98: =K95-SUM(K96:K97) -> 2433820.5 | L98: =L95-SUM(L96:L97) -> 2131980 | M98: =M95-SUM(M96:M97) -> 1273973 | ... Q98: =Q95-SUM(Q96:Q97) -> 2678173 | S98: =SUM(F98:Q98) -> 20355380
B100: Water Consumption
B101: Total | D101: =S101/S8 -> 0.00033108783 | E101: m3/MT | F101: 13184 | G101: 17060 | H101: 20064 | I101: 17673 | J101: 13991 | K101: 18090 | L101: 15029 | M101: 11960 | N101: 14577 | O101: 10106 | P101: 12492 | Q101: 19779 | S101: =SUM(F101:Q101) -> 184005
B102: - Softener Product to Refinery | D102: =S102/S8 -> 3.7940915e-05 | E102: m3/MT | F102: 1280 | G102: 2256 | H102: 2548 | I102: 2417 | J102: 1992 | K102: 2188 | L102: 1868 | M102: 1380 | N102: 1164 | O102: 1359 | P102: 1013 | Q102: 1621 | S102: =SUM(F102:Q102) -> 21086
B103: - Softener Product to Frac | D103: =S103/SUM(S14:S16) -> 5.6576787e-05 | E103: m3/MT | F103: 1904 | G103: 2892 | H103: 4010 | I103: 2769 | J103: 2319 | K103: 3035 | L103: 1663 | M103: 1515 | N103: 1461 | O103: 719 | P103: 1542 | Q103: 2665 | S103: =SUM(F103:Q103) -> 26494
B104: - Others | D104: =D101-SUM(D102:D103) -> 0.00023657013 | E104: m3/MT | F104: =F101-SUM(F102:F103) -> 10000 | G104: =G101-SUM(G102:G103) -> 11912 | H104: =H101-SUM(H102:H103) -> 13506 | I104: =I101-SUM(I102:I103) -> 12487 | J104: =J101-SUM(J102:J103) -> 9680 | K104: =K101-SUM(K102:K103) -> 12867 | L104: =L101-SUM(L102:L103) -> 11498 | M104: =M101-SUM(M102:M103) -> 9065 | ... Q104: =Q101-SUM(Q102:Q103) -> 15493 | S104: =SUM(F104:Q104) -> 136425
B106: Power Consumption
B107: Total | D107: =S107/S8 -> 0.013230725 | E107: Kwh/MT | F107: 576934 | G107: 711126 | H107: 782041 | I107: 739379 | J107: 585067 | K107: 760275 | L107: 592254 | M107: 455799 | N107: 566027 | O107: 374624 | P107: 486302 | Q107: 723265 | S107: =SUM(F107:Q107) -> 7353093
B108: - Refinery (Process & Utilities) | D108: =S108/S8 -> #REF! | E108: Kwh/MT | F108: =SUM(#REF!,#REF!) -> #REF! | G108: =SUM(#REF!,#REF!) -> #REF! | H108: =SUM(#REF!,#REF!) -> #REF! | I108: =SUM(#REF!,#REF!) -> #REF! | J108: =SUM(#REF!,#REF!) -> #REF! | K108: =SUM(#REF!,#REF!) -> #REF! | L108: =SUM(#REF!,#REF!) -> #REF! | M108: =SUM(#REF!,#REF!) -> #REF! | ... Q108: =SUM(#REF!,#REF!) -> #REF! | S108: =SUM(F108:Q108) -> #REF!
B109: - Fractionation (Process & Utilities) | D109: =S109/SUM(S14:S16) -> #REF! | E109: Kwh/MT | F109: =SUM(#REF!,#REF!) -> #REF! | G109: =SUM(#REF!,#REF!) -> #REF! | H109: =SUM(#REF!,#REF!) -> #REF! | I109: =SUM(#REF!,#REF!) -> #REF! | J109: =SUM(#REF!,#REF!) -> #REF! | K109: =SUM(#REF!,#REF!) -> #REF! | L109: =SUM(#REF!,#REF!) -> #REF! | M109: =SUM(#REF!,#REF!) -> #REF! | ... Q109: =SUM(#REF!,#REF!) -> #REF! | S109: =SUM(F109:Q109) -> #REF!
B110: - Filling Packaging | D110: =S110/S20 -> #REF! | E110: Kwh/MT | F110: =#REF! -> #REF! | G110: =#REF! -> #REF! | H110: =#REF! -> #REF! | I110: =#REF! -> #REF! | J110: =#REF! -> #REF! | K110: =#REF! -> #REF! | L110: =#REF! -> #REF! | M110: =#REF! -> #REF! | ... Q110: =#REF! -> #REF! | S110: =SUM(F110:Q110) -> #REF!
B111: - Others | D111: =D107-SUM(D108:D110) -> #REF! | E111: Kwh/MT | F111: =F107-SUM(F108:F110) -> #REF! | G111: =G107-SUM(G108:G110) -> #REF! | H111: =H107-SUM(H108:H110) -> #REF! | I111: =I107-SUM(I108:I110) -> #REF! | J111: =J107-SUM(J108:J110) -> #REF! | K111: =K107-SUM(K108:K110) -> #REF! | L111: =L107-SUM(L108:L110) -> #REF! | M111: =M107-SUM(M108:M110) -> #REF! | ... Q111: =Q107-SUM(Q108:Q110) -> #REF! | S111: =SUM(F111:Q111) -> #REF!
B114: Note
B115: Utility consume per MT CPO pada kondisi lower throughput (slow flow rate) dengan average CPO consume 1.490 MT/day
B118: YEARLY DOWNTIME PRODUCTION -TAHUN 2020
F120: 2020 | S120: Grand Total
B121: DOWNTIME PRODUCTION | F121: 20 | G121: 29 | H121: 31 | I121: 29 | J121: 22 | K121: 30 | L121: 23 | M121: 17 | N121: 22 | O121: 13 | P121: 17 | Q121: 31 | S121: =SUM(F121:Q121) -> 284
F122: Januari | G122: Februari | H122: Maret | I122: April | J122: Mei | K122: Juni | L122: Juli | M122: Agustus | N122: September | O122: Oktober | P122: November | Q122: Desember
B123: THROUGHPUT (MT) | F123: =F8 -> 43483127 | G123: =G8 -> 29035670 | H123: =H8 -> 51822527 | I123: =I8 -> 45758360 | J123: =J8 -> 48290547 | K123: =K8 -> 49740939 | L123: =L8 -> 48669136 | M123: =M8 -> 54214019 | ... Q123: =Q8 -> 29768361 | S123: =SUM(F123:Q123) -> 555758875
B124: Stop Plant (hours) | D124: =S124/S127*100 -> 53.15465 | E124: % | F124: 307.86175 | G124: 0 | H124: 0 | I124: 0 | J124: 237 | K124: 0 | L124: 246.23778 | M124: 353.14815 | N124: 120 | O124: 451.54853 | P124: 331.22102 | Q124: 0 | S124: =SUM(F124:Q124) -> 2047.0172
B125: Plant Hold (hours) | D125: =S125/S127*100 -> 10.145745 | E125: % | F125: 0 | G125: 0 | H125: 0 | I125: 50.850892 | J125: 75 | K125: 0 | L125: 0 | M125: 0 | N125: 192.7586 | O125: 72.109205 | P125: 0 | Q125: 0 | S125: =SUM(F125:Q125) -> 390.7187
B126: Slow Flow Rate (hours) | D126: =S126/S127*100 -> 36.699605 | E126: % | F126: 95.534548 | G126: 154.658 | H126: 196.2 | I126: 29.510062 | J126: 0 | K126: 94 | L126: 138.52017 | M126: 206.54135 | N126: 185.56531 | O126: 26.626446 | P126: 76.013253 | Q126: 210.15449 | S126: =SUM(F126:Q126) -> 1413.3236
B127: TOTAL | D127: =SUM(D124:D126) -> 100 | E127: % | F127: =SUM(F124:F126) -> 403.3963 | G127: =SUM(G124:G126) -> 154.658 | H127: =SUM(H124:H126) -> 196.2 | I127: =SUM(I124:I126) -> 80.360954 | J127: =SUM(J124:J126) -> 312 | K127: =SUM(K124:K126) -> 94 | L127: =SUM(L124:L126) -> 384.75795 | M127: =SUM(M124:M126) -> 559.68951 | ... Q127: =SUM(Q124:Q126) -> 210.15449 | S127: =SUM(F127:Q127) -> 3851.0596
B130: Details Downtime in hours | F130: 2020 | S130: Grand Total
B131: DETAILS DOWNTIME PRODUCTION | F131: 20 | G131: 29 | H131: 31 | I131: 29 | J131: 22 | K131: 30 | L131: 23 | M131: 17 | N131: 22 | O131: 13 | P131: 17 | Q131: 31 | S131: =SUM(F131:Q131) -> 284
F132: Januari | G132: Februari | H132: Maret | I132: April | J132: Mei | K132: Juni | L132: Juli | M132: Agustus | N132: September | O132: Oktober | P132: November | Q132: Desember
B133: Preventice Maintenance Pertagas | D133: =S133/S139*100 -> 6.5240327 | E133: % | F133: 251.24483 | G133: 0 | H133: 0 | I133: 0 | J133: 0 | K133: 0 | L133: 0 | M133: 0 | N133: 0 | O133: 0 | P133: 0 | Q133: 0 | S133: =SUM(F133:Q133) -> 251.24483
...
